method_id,phase,phase_bg,primary_component,title,original_text,template_text,Z1,Z2,Z3,Z4,Z5,Z6,OSI,SSI,default_duration_min,zone_distribution,min_readiness,max_percent_tref,tags,phase_reason,source_month,microcycle,microcycle_type,day_raw
m_022,early,1/3 до старта,OSI,Обща силова издръжливост,"Преди обяд: 1. Ролки 1:40-1:50ч - 1 час 1-2 зона - 6-8 ускорения по 15-20 сек през 3 мин леко - докарване до зададеното време След обяд: 1. Стрелба от спокойно положение (техническа) 1ч 2. Загрявка (10-15мин бягане) - Силова издръжливост /силова зала/ 50 мин/3 упражнения по 4 серии за горна част, 3 упражнения по 4 серии за средна част и 2 упражнения по 4 серии за долна част","Преди обяд: 1. Ролки {време} - 1 час 1-2 зона - 6-8 ускорения по {сек} сек през {мин} мин леко - докарване до зададеното време След обяд: 1. Стрелба от спокойно положение (техническа) {часове} ч 2. Загрявка ({мин} мин бягане) - Силова издръжливост /силова зала/ {мин} мин/3 упражнения по 4 серии за горна част, 3 упражнения по 4 серии за средна част и 2 упражнения по 4 серии за долна част",75.0,50.0,0.0,0.0,3.0,0.0,50.0,0.0,178.0,"{""Z1"": 75.0, ""Z2"": 50.0, ""Z5"": 3.0, ""OSI"": 50.0}",80,0.5,"ролки,силова",обща издръжливост/ОСИ/база,Май,МИКРОЦИКЪЛ 5,ТИП НА МИКРОЦИКЪЛА:,ПОНЕДЕЛНИК 02.06
m_032,early,1/3 до старта,OSI,Обща силова издръжливост,"Преди обяд: 1. Ролки 1:30-1:40ч - 1 час 1-2 зона - 6-8 ускорения по 15 сек през 3 мин леко - докарване до зададеното време След обяд: 1. Загрявка (10 мин бягане) - Силова издръжливост /силова зала/ 50 мин/3 упражнения по 4 серии за горна част, 3 упражнения по 4 серии за средна част и 2 упражнения по 4 серии за долна част","Преди обяд: 1. Ролки {време} - 1 час 1-2 зона - 6-8 ускорения по {сек} сек през {мин} мин леко - докарване до зададеното време След обяд: 1. Загрявка ({мин} мин бягане) - Силова издръжливост /силова зала/ {мин} мин/3 упражнения по 4 серии за горна част, 3 упражнения по 4 серии за средна част и 2 упражнения по 4 серии за долна част",70.0,40.0,0.0,0.0,0.0,0.0,50.0,0.0,160.0,"{""Z1"": 70.0, ""Z2"": 40.0, ""OSI"": 50.0}",80,0.5,"ролки,силова",обща издръжливост/ОСИ/база,Юни,МИКРОЦИКЪЛ 9,ТИП НА МИКРОЦИКЪЛА: Възстановителен/поддържащ,СРЯДА 18.06
m_041,early,1/3 до старта,OSI,Обща силова издръжливост,"Преди обяд: 1. Ролки 1:50-2:00ч - КТ 1 час 1-2 зона - 8 ускорения по 15 сек през 3 мин леко - докарване до зададеното време След обяд: 1. Крос 30 мин - Максимална сила /силова зала/ 50 мин/3 упражнения по 4 серии за горна част, 3 упражнения по 4 серии за средна част и 2 упражнения по 4 серии за долна част","Преди обяд: 1. Ролки {време} - КТ 1 час 1-2 зона - 8 ускорения по {сек} сек през {мин} мин леко - докарване до зададеното време След обяд: 1. Крос {мин} мин - Максимална сила /силова зала/ {мин} мин/3 упражнения по 4 серии за горна част, 3 упражнения по 4 серии за средна част и 2 упражнения по 4 серии за долна част",80.0,70.0,0.0,0.0,2.0,0.0,50.0,0.0,202.0,"{""Z1"": 80.0, ""Z2"": 70.0, ""Z5"": 2.0, ""OSI"": 50.0}",80,0.5,"ролки,крос,силова",обща издръжливост/ОСИ/база,Юни,МИКРОЦИКЪЛ 10,ТИП НА МИКРОЦИКЪЛА: Възстановителен/поддържащ,СЪБОТА 28.06
m_044,early,1/3 до старта,OSI,Обща силова издръжливост,"Преди обяд: 1. КТ ролки 1:40-2 ч 1-2 зона - 1 час 1-2 зона - 6 ускорения по 20-30 сек по време на карането След обяд: 1. Загрявка (30 мин бягане) - Силова издръжливост /силова зала/ 50 мин/3 упражнения по 4 серии за горна част, 3 упражнения по 4 серии за средна част и 2 упражнения по 4 серии за долна част","Преди обяд: 1. КТ ролки {време}-{часове} ч 1-2 зона - 1 час 1-2 зона - 6 ускорения по {сек} сек по време на карането След обяд: 1. Загрявка ({мин} мин бягане) - Силова издръжливост /силова зала/ {мин} мин/3 упражнения по 4 серии за горна част, 3 упражнения по 4 серии за средна част и 2 упражнения по 4 серии за долна част",90.0,40.0,0.0,0.0,0.0,0.0,50.0,0.0,180.0,"{""Z1"": 90.0, ""Z2"": 40.0, ""OSI"": 50.0}",80,0.5,"ролки,силова",обща издръжливост/ОСИ/база,Юни,МИКРОЦИКЪЛ 11,ТИП НА МИКРОЦИКЪЛА: Развиващ,ВТОРНИК 01.07
m_051,early,1/3 до старта,OSI,Обща силова издръжливост,Преди обяд: 1. КТ ролки 1:40-2 ч 1-2 зона - 1 час 1-2 зона - 6 ускорения по ...,Преди обяд: 1. КТ ролки {време}-{часове} ч 1-2 зона - 1 час 1-2 зона - 6 ускорения по ...,90.0,40.0,0.0,0.0,0.0,0.0,50.0,0.0,180.0,"{""Z1"": 90.0, ""Z2"": 40.0, ""OSI"": 50.0}",80,0.5,ролки,обща издръжливост/ОСИ/база,Юли,МИКРОЦИКЪЛ 13,ТИП НА МИКРОЦИКЪЛА: Развиващ,ВТОРНИК 08.07
m_058,early,1/3 до старта,OSI,Обща силова издръжливост,Преди обяд: 1. Ролки 1:30-1:50ч или крос (1:00-1:20 ч) - 2 серии 4 отсечки п...,Преди обяд: 1. Ролки {време} или крос ({време}) - 2 серии 4 отсечки п...,60.0,30.0,0.0,0.0,3.0,0.0,60.0,0.0,153.0,"{""Z1"": 60.0, ""Z2"": 30.0, ""Z5"": 3.0, ""OSI"": 60.0}",80,0.5,"ролки,крос",обща издръжливост/ОСИ/база,Юли,МИКРОЦИКЪЛ 15,ТИП НА МИКРОЦИКЪЛА: Възстановителен,ПОНЕДЕЛНИК 21.07
m_061,early,1/3 до старта,OSI,Обща силова издръжливост,Преди обяд: ...,Преди обяд: ...,60.0,20.0,0.0,0.0,0.0,0.0,60.0,0.0,140.0,"{""Z1"": 60.0, ""Z2"": 20.0, ""OSI"": 60.0}",80,0.5,,обща издръжливост/ОСИ/база,Юли,МИКРОЦИКЪЛ 15,ТИП НА МИКРОЦИКЪЛА: Възстановителен,ЧЕТВЪРТЪК 24.07
m_064,early,1/3 до старта,OSI,Обща силова издръжливост,Преди обяд: 1. Ролки 1:40-1:50ч - КТ 1 час 1-2 зона - 2 серии 4 по 15 сек от...,Преди обяд: 1. Ролки {време} - КТ 1 час 1-2 зона - 2 серии {повторения} по {дължина} сек от...,70.0,50.0,0.0,0.0,2.0,0.0,60.0,0.0,182.0,"{""Z1"": 70.0, ""Z2"": 50.0, ""Z5"": 2.0, ""OSI"": 60.0}",80,0.5,ролки,обща издръжливост/ОСИ/база,Юли,МИКРОЦИКЪЛ 16,ТИП НА МИКРОЦИКЪЛА: Развиващ,ПОНЕДЕЛНИК 28.07
m_067,early,1/3 до старта,OSI,Обща силова издръжливост,Преди обяд: 1. КТ ролки 1:40-2 ч 1-2 зона - 1 час 1-2 зона - 10-15 ускорения...,Преди обяд: 1. КТ ролки {време}-{часове} ч 1-2 зона - 1 час 1-2 зона - 10-15 ускорения...,80.0,60.0,0.0,0.0,2.0,0.0,60.0,0.0,202.0,"{""Z1"": 80.0, ""Z2"": 60.0, ""Z5"": 2.0, ""OSI"": 60.0}",80,0.5,ролки,обща издръжливост/ОСИ/база,Юли,МИКРОЦИКЪЛ 16,ТИП НА МИКРОЦИКЪЛА: Развиващ,ЧЕТВЪРТЪК 31.07
m_072,early,1/3 до старта,OSI,Обща силова издръжливост,"Преди обяд: 1. КТ крос имитация (по пътя) 10-12 по 1000 м 1-2 зона; След обяд: 1. Крос 10-15 мин - Максимална сила /силова зала/ 50 мин/3 упражнения по 4 серии за горна част, 3 упражнения по 4 серии за средна част и 2 упражнения по 4 серии за долна част","Преди обяд: 1. КТ крос имитация (по пътя) 10-12 по 1000 м 1-2 зона; След обяд: 1. Крос {мин} мин - Максимална сила /силова зала/ {мин} мин/3 упражнения по 4 серии за горна част, 3 упражнения по 4 серии за средна част и 2 упражнения по 4 серии за долна част",54.99999999999999,20.0,0.0,0.0,0.0,0.0,60.0,0.0,135.0,"{""Z1"": 55.0, ""Z2"": 20.0, ""OSI"": 60.0}",80,0.5,"крос,силова",обща издръжливост/ОСИ/база,Август,МИКРОЦИКЪЛ 17,ТИП НА МИКРОЦИКЪЛА: Развиващ,ВТОРНИК 12.08
m_086,early,1/3 до старта,OSI,Обща силова издръжливост,"Преди обяд: Крос 1-2 зона (1:00-1:10ч) или колело (1:40-2 ч) 1 зона + Силова издръжливост /силова зала/ 50 мин/3 упражнения по 3 серии за горна част, 3 упражнения по 3 серии за средна част и 2 упражнения по 3 серии за долна част","Преди обяд: Крос 1-2 зона ({време}) или колело ({време}-{часове} ч) 1 зона + Силова издръжливост /силова зала/ {мин} мин/3 упражнения по 3 серии за горна част, 3 упражнения по 3 серии за средна част и 2 упражнения по 3 серии за долна част",70.0,40.0,0.0,0.0,0.0,0.0,50.0,0.0,160.0,"{""Z1"": 70.0, ""Z2"": 40.0, ""OSI"": 50.0}",80,0.5,"крос,колело,силова",обща издръжливост/ОСИ/база,Август,МИКРОЦИКЪЛ 19,ТИП НА МИКРОЦИКЪЛА: Възстановителен,СРЯДА 27.08
m_092,early,1/3 до старта,OSI,Обща силова издръжливост,"Преди обяд: Крос 1-2 зона (1:00-1:10ч) + Силова издръжливост /силова зала/ 50 мин/3 упражнения по 3 серии за горна част, 3 упражнения по 3 серии за средна част и 2 упражнения по 3 серии за долна част","Преди обяд: Крос 1-2 зона ({време}) + Силова издръжливост /силова зала/ {мин} мин/3 упражнения по 3 серии за горна част, 3 упражнения по 3 серии за средна част и 2 упражнения по 3 серии за долна част",70.0,40.0,0.0,0.0,0.0,0.0,50.0,0.0,160.0,"{""Z1"": 70.0, ""Z2"": 40.0, ""OSI"": 50.0}",80,0.5,"крос,силова",обща издръжливост/ОСИ/база,Август,МИКРОЦИКЪЛ 19,ТИП НА МИКРОЦИКЪЛА: Възстановителен,СРЯДА 24.09
m_097,early,1/3 до старта,OSI,Обща силова издръжливост,"Преди обяд: Крос 1-2 зона (1:20-1:30 ч) + Силова издръжливост /силова зала/ 50 мин/3 упражнения по 3 серии за горна част, 3 упражнения по 3 серии за средна част и 2 упражнения по 3 серии за долна част","Преди обяд: Крос 1-2 зона ({време}) + Силова издръжливост /силова зала/ {мин} мин/3 упражнения по 3 серии за горна част, 3 упражнения по 3 серии за средна част и 2 упражнения по 3 серии за долна част",60.0,30.0,0.0,0.0,0.0,0.0,50.0,0.0,140.0,"{""Z1"": 60.0, ""Z2"": 30.0, ""OSI"": 50.0}",80,0.5,"крос,силова",обща издръжливост/ОСИ/база,Август,МИКРОЦИКЪЛ 19,ТИП НА МИКРОЦИКЪЛА: Възстановителен,ВТОРНИК 30.09
m_099,early,1/3 до старта,OSI,Обща силова издръжливост,"Преди обяд: 1. Ролки - КТ ролбан 1-2 зона 5 по 1.3/2 км + 300 м зад стрелбището - 2 серии 5 по 15 сек отсечки през 2 мин и 5 мин между сериите - 20-30 мин докарване След обяд: 1. 40-50 мин бягане крос + Максимална сила /силова зала/ 50 мин/3 упражнения по 4 серии за горна част, 3 упражнения по 4 серии за средна част и 2 упражнения по 4 серии за долна част","Преди обяд: 1. Ролки - КТ ролбан 1-2 зона 5 по 1.3/2 км + 300 м зад стрелбището - 2 серии {повторения} по {дължина} сек отсечки през {мин} мин и {мин} мин между сериите - {мин} мин докарване След обяд: 1. {мин} мин бягане крос + Максимална сила /силова зала/ {мин} мин/3 упражнения по 4 серии за горна част, 3 упражнения по 4 серии за средна част и 2 упражнения по 4 серии за долна част",110.00000000000001,30.0,0.0,0.0,3.0,0.0,60.0,0.0,203.0,"{""Z1"": 110.0, ""Z2"": 30.0, ""Z5"": 3.0, ""OSI"": 60.0}",80,0.5,"ролки,крос,силова",обща издръжливост/ОСИ/база,Август,МИКРОЦИКЪЛ 20,ТИП НА МИКРОЦИКЪЛА: Развиващ,ПОНЕДЕЛНИК 01.09
m_107,early,1/3 до старта,OSI,Обща силова издръжливост,Преди обяд: 1. Крос 50 - 1:10 ч крос 1 зона,Преди обяд: 1. Крос 50 - {време} крос 1 зона,70.0,0.0,0.0,0.0,0.0,0.0,60.0,0.0,130.0,"{""Z1"": 70.0, ""OSI"": 60.0}",80,0.5,крос,обща издръжливост/ОСИ/база,Септемрви,МИКРОЦИКЪЛ 21,ТИП НА МИКРОЦИКЪЛА: Развиващ,СРЯДА 10.09
m_115,early,1/3 до старта,OSI,Обща силова издръжливост,"Преди обяд: 1. Ролки - КТ ролбан 1-2 зона 5 по 2/2.5 км + 500 м зад стрелбището - 2 серии 5 по 15 сек отсечки през 2 мин и 5 мин между сериите - 10 мин докарване След обяд: 1. 30-40 мин бягане крос + Силова издръжливост /силова зала/ 50 мин/3 упражнения по 3 серии за горна част, 3 упражнения по 3 серии за средна част и 2 упражнения по 3 серии за долна част","Преди обяд: 1. Ролки - КТ ролбан 1-2 зона 5 по 2/2.5 км + 500 м зад стрелбището - 2 серии {повторения} по {дължина} сек отсечки през {мин} мин и {мин} мин между сериите - {мин} мин докарване След обяд: 1. {мин} мин бягане крос + Силова издръжливост /силова зала/ {мин} мин/3 упражнения по 3 серии за горна част, 3 упражнения по 3 серии за средна част и 2 упражнения по 3 серии за долна част",90.0,30.0,0.0,0.0,3.0,0.0,50.0,0.0,173.0,"{""Z1"": 90.0, ""Z2"": 30.0, ""Z5"": 3.0, ""OSI"": 50.0}",80,0.5,"ролки,крос,силова",обща издръжливост/ОСИ/база,Септемрви,МИКРОЦИКЪЛ 22,ТИП НА МИКРОЦИКЪЛА: Развиваш,СЪБОТА 20.09
m_120,early,1/3 до старта,OSI,Обща силова издръжливост,"Преди обяд: 1. Ролки - КТ ролбан 1-2 зона 5 по 1.3/2 км + 300 м зад стрелбището - 2 серии 5 по 15 сек отсечки през 2 мин и 5 мин между сериите - 20-30 мин докарване След обяд: 1. Крос: 0:50-1:00 ч 1-2 зона + Максимална сила /силова зала/ 50 мин/3 упражнения по 4 серии за горна част, 3 упражнения по 4 серии за средна част и 2 упражнения по 4 серии за долна част","Преди обяд: 1. Ролки - КТ ролбан 1-2 зона 5 по 1.3/2 км + 300 м зад стрелбището - 2 серии {повторения} по {дължина} сек отсечки през {мин} мин и {мин} мин между сериите - {мин} мин докарване След обяд: 1. Крос: {време} 1-2 зона + Максимална сила /силова зала/ {мин} мин/3 упражнения по 4 серии за горна част, 3 упражнения по 4 серии за средна част и 2 упражнения по 4 серии за долна част",110.00000000000001,30.0,0.0,0.0,3.0,0.0,60.0,0.0,203.0,"{""Z1"": 110.0, ""Z2"": 30.0, ""Z5"": 3.0, ""OSI"": 60.0}",80,0.5,"ролки,крос,силова",обща издръжливост/ОСИ/база,Септемрви,МИКРОЦИКЪЛ 22,ТИП НА МИКРОЦИКЪЛА: Развиваш,ПОНЕДЕЛНИК 06.10
m_122,early,1/3 до старта,OSI,Обща силова издръжливост,"Преди обяд: 1. КТ Ролки, класика: 1:40-2ч, 1-2 зона След обяд: 1. 40-50 мин крос 1-2 зона + Силова издръжливост /силова зала/ 3 упражнения по 4 серии за горна част, 3 упражнения по 4 серии за средна част и 2 упражнения по 4 серии за долна част","Преди обяд: 1. КТ Ролки, класика: {време}-{часове} ч, 1-2 зона След обяд: 1. {мин} мин крос 1-2 зона + Силова издръжливост /силова зала/ 3 упражнения по 4 серии за горна част, 3 упражнения по 4 серии за средна част и 2 упражнения по 4 серии за долна част",120.0,40.0,0.0,0.0,0.0,0.0,60.0,0.0,220.0,"{""Z1"": 120.0, ""Z2"": 40.0, ""OSI"": 60.0}",80,0.5,"ролки,крос,силова",обща издръжливост/ОСИ/база,Септемрви,МИКРОЦИКЪЛ 22,ТИП НА МИКРОЦИКЪЛА: Развиваш,ЧЕТВЪРТЪК 09.10
m_140,early,1/3 до старта,OSI,Обща силова издръжливост,Преди обяд: Крос - преход (2:30-3:00ч) - 1-2 зона,Преди обяд: Крос - преход ({време}) - 1-2 зона,120.0,60.0,0.0,0.0,0.0,0.0,50.0,0.0,230.0,"{""Z1"": 120.0, ""Z2"": 60.0, ""OSI"": 50.0}",80,0.5,крос,обща издръжливост/ОСИ/база,Октомври,МИКРОЦИКЪЛ 27,ТИП НА МИКРОЦИКЪЛА: Възстановителен/поддържащ,СРЯДА 22.10
m_150,early,1/3 до старта,OSI,Обща силова издръжливост,"Преди обяд: 1. Ски - 1:40-2:20 ч 1 зона След обяд: 1. КТ 1 ч крос 1-2 зона + Силова издръжливост /силова зала/ 3 упражнения по 4 серии за горна част, 3 упражнения по 4 серии за средна част и 2 упражнения по 4 серии за долна част","Преди обяд: 1. Ски - {време} 1 зона След обяд: 1. КТ {часове} ч крос 1-2 зона + Силова издръжливост /силова зала/ 3 упражнения по 4 серии за горна част, 3 упражнения по 4 серии за средна част и 2 упражнения по 4 серии за долна част",160.0,50.0,0.0,0.0,0.0,0.0,60.0,0.0,270.0,"{""Z1"": 160.0, ""Z2"": 50.0, ""OSI"": 60.0}",80,0.5,"крос,ски,силова",обща издръжливост/ОСИ/база,Октомври,МИКРОЦИКЪЛ 28,ТИП НА МИКРОЦИКЪЛА: Възстановителен/поддържащ,ЧЕТВЪРТЪК 30.10
m_154,early,1/3 до старта,OSI,Обща силова издръжливост,Преди обяд: 1. Ски - 1:50-2:30 ч 1 зона След обяд: 1. КТ 1-1:20 ч. ролки 1...,Преди обяд: 1. Ски - {време} 1 зона След обяд: 1. КТ 1-{време}. ролки 1...,180.0,40.0,0.0,0.0,0.0,0.0,60.0,0.0,280.0,"{""Z1"": 180.0, ""Z2"": 40.0, ""OSI"": 60.0}",80,0.5,"ролки,ски",обща издръжливост/ОСИ/база,Ноември,МИКРОЦИКЪЛ 29,ТИП НА МИКРОЦИКЪЛА: Развиващ,ПОНЕДЕЛНИК 03.11
m_161,early,1/3 до старта,OSI,Обща силова издръжливост,Преди обяд: ...,Преди обяд: ...,120.0,0.0,0.0,0.0,3.0,0.0,60.0,0.0,183.0,"{""Z1"": 120.0, ""Z5"": 3.0, ""OSI"": 60.0}",80,0.5,,обща издръжливост/ОСИ/база,Ноември,МИКРОЦИКЪЛ 29,ТИП НА МИКРОЦИКЪЛА: Развиващ,НЕДЕЛЯ 09.11
m_164,early,1/3 до старта,OSI,Обща силова издръжливост,Преди обяд: 1. Ски - 1:30-1:40 ч 1 зона ...,Преди обяд: 1. Ски - {време} 1 зона ...,120.0,40.0,0.0,0.0,0.0,0.0,50.0,20.0,230.0,"{""Z1"": 120.0, ""Z2"": 40.0, ""OSI"": 50.0, ""SSI"": 20.0}",80,0.5,ски,обща издръжливост/ОСИ/база,Ноември,МИКРОЦИКЪЛ 29,ТИП НА МИКРОЦИКЪЛА: Развиващ,СРЯДА 12.11
m_168,early,1/3 до старта,OSI,Обща силова издръжливост,Преди обяд: 1. КТ Ски - 1:40-2 ч ...,Преди обяд: 1. КТ Ски - {време}-{часове} ч ...,90.0,30.0,0.0,0.0,0.0,0.0,60.0,0.0,180.0,"{""Z1"": 90.0, ""Z2"": 30.0, ""OSI"": 60.0}",80,0.5,ски,обща издръжливост/ОСИ/база,Ноември,МИКРОЦИКЪЛ 30,ТИП НА МИКРОЦИКЪЛА: Развиваш,ВТОРНИК 11.11
m_173,early,1/3 до старта,OSI,Обща силова издръжливост,"Преди обяд: 1. Ски - 1:30-1:40 ч 1 зона, като 40 мин от тях горни гранници н...","Преди обяд: 1. Ски - {време} 1 зона, като {мин} мин от тях горни гранници н...",120.0,70.0,10.0,0.0,0.0,0.0,50.0,20.0,270.0,"{""Z1"": 120.0, ""Z2"": 70.0, ""Z3"": 10.0, ""OSI"": 50.0, ""SSI"": 20.0}",80,0.5,ски,обща издръжливост/ОСИ/база,Ноември,МИКРОЦИКЪЛ 30,ТИП НА МИКРОЦИКЪЛА: Развиваш,СРЯДА 18.02
m_175,early,1/3 до старта,OSI,Обща силова издръжливост,"Преди обяд: 1. КТ ски - 20 мин загрявака; - 10 по 1 км 1 зона, като подхода преди стрелбищети (20 сек) се прави на спринт. След обяд: 1. 40-50 мин крос + Максимална сила /силова зала/ 50 мин/3 упражнения по 3 серии за горна част, 3 упражнения по 3 серии за средна част и 2 упражнения по 3 серии за долна част","Преди обяд: 1. КТ ски - {мин} мин загрявака; - {повторения} по {дължина} км 1 зона, като подхода преди стрелбищети ({сек} сек) се прави на спринт. След обяд: 1. {мин} мин крос + Максимална сила /силова зала/ {мин} мин/3 упражнения по 3 серии за горна част, 3 упражнения по 3 серии за средна част и 2 упражнения по 3 серии за долна част",120.0,0.0,0.0,0.0,3.0,0.0,60.0,0.0,183.0,"{""Z1"": 120.0, ""Z5"": 3.0, ""OSI"": 60.0}",80,0.5,"крос,ски,силова,спринт",обща издръжливост/ОСИ/база,Ноември,МИКРОЦИКЪЛ 30,ТИП НА МИКРОЦИКЪЛА: Развиваш,СЪБОТА 21.02
m_178,early,1/3 до старта,OSI,Обща силова издръжливост,"Преди обяд: 1. Ски - 1:20-1:30 ч 1 зона След обед: 1. 15 мин крос + Силова издръжливост /силова зала/ 50 мин/3 упражнения по 4 серии за горна част, 3 упражнения по 4 серии за средна част и 2 упражнения по 4 серии за долна част","Преди обяд: 1. Ски - {време} 1 зона След обед: 1. {мин} мин крос + Силова издръжливост /силова зала/ {мин} мин/3 упражнения по 4 серии за горна част, 3 упражнения по 4 серии за средна част и 2 упражнения по 4 серии за долна част",120.0,0.0,0.0,0.0,0.0,0.0,50.0,0.0,170.0,"{""Z1"": 120.0, ""OSI"": 50.0}",80,0.5,"крос,ски,силова",обща издръжливост/ОСИ/база,Ноември,МИКРОЦИКЪЛ 30,ТИП НА МИКРОЦИКЪЛА: Развиваш,ПЕТЪК 24.02
m_184,early,1/3 до старта,OSI,Обща силова издръжливост,"Преди обяд: 1. Ски - 1:30-1:40 ч 1 зона След обяд: 1. 0:40-1:00 ч крос + Силова издръжливост /силова зала/ 50 мин/3 упражнения по 3 серии за горна част, 3 упражнения по 3 серии за средна част и 2 упражнения по 3 серии за долна част","Преди обяд: 1. Ски - {време} 1 зона След обяд: 1. {време} крос + Силова издръжливост /силова зала/ {мин} мин/3 упражнения по 3 серии за горна част, 3 упражнения по 3 серии за средна част и 2 упражнения по 3 серии за долна част",120.0,40.0,0.0,0.0,0.0,0.0,50.0,20.0,230.0,"{""Z1"": 120.0, ""Z2"": 40.0, ""OSI"": 50.0, ""SSI"": 20.0}",80,0.5,"крос,ски,силова",обща издръжливост/ОСИ/база,Ноември,МИКРОЦИКЪЛ 31,ТИП НА МИКРОЦИКЪЛА: Възстановителен,СЪБОТА 22.11
m_187,early,1/3 до старта,OSI,Обща силова издръжливост,Преди обяд: Крос 1-2 зона (1:00-1:20ч) ...,Преди обяд: Крос 1-2 зона ({време}) ...,40.0,40.0,0.0,0.0,0.0,0.0,50.0,0.0,130.0,"{""Z1"": 40.0, ""Z2"": 40.0, ""OSI"": 50.0}",80,0.5,крос,обща издръжливост/ОСИ/база,Ноември,МИКРОЦИКЪЛ 32,ТИП НА МИКРОЦИКЪЛА: Развиващ,СРЯДА 26.11
m_190,early,1/3 до старта,OSI,Обща силова издръжливост,"Преди обяд: Крос 1-2 зона (1:00-1:20ч) + Силова издръжливост /силова зала/ 50 мин/3 упражнения по 3 серии за горна част, 3 упражнения по 3 серии за средна част и 2 упражнения по 3 серии за долна част","Преди обяд: Крос 1-2 зона ({време}) + Силова издръжливост /силова зала/ {мин} мин/3 упражнения по 3 серии за горна част, 3 упражнения по 3 серии за средна част и 2 упражнения по 3 серии за долна част",40.0,40.0,0.0,0.0,0.0,0.0,50.0,0.0,130.0,"{""Z1"": 40.0, ""Z2"": 40.0, ""OSI"": 50.0}",80,0.5,"крос,силова",обща издръжливост/ОСИ/база,Ноември,МИКРОЦИКЪЛ 32,ТИП НА МИКРОЦИКЪЛА: Развиващ,СЪБОТА 29.11
m_005,early,1/3 до старта,OSI,Почивка / възстановителен ден,"1 тренировка: 1 ч крос, като който се чувства свеж след първите 20 мин прави 5-8 по 30 сек бързи отсечки, свободни без ограничения за скорост и почивка между тях. 2 тренировка: 30 мин сила","1 тренировка: {часове} ч крос, като който се чувства свеж след първите {мин} мин прави 5-{повторения} по {дължина} сек бързи отсечки, свободни без ограничения за скорост и почивка между тях. 2 тренировка: {мин} мин сила",60.0,0.0,0.0,0.0,5.0,0.0,30.0,3.0,98.0,"{""Z1"": 60.0, ""Z5"": 5.0, ""OSI"": 30.0, ""SSI"": 3.0}",80,0.5,крос,обща издръжливост/ОСИ/база,АПРИЛ,МИКРОЦИКЪЛ 1,ТИП НА МИКРОЦИКЪЛА:,ПЕТЪК 02.05
m_009,early,1/3 до старта,OSI,Почивка / възстановителен ден,"1 тренировка: Колело: 30 мин загрявка + 1:20 ч 2 зона по време на карането включете 2 по 7 мин каране в 3 зона, като почивката между отсечките е 10 тина минути леко каране. 2 тренировка: или веднага след 1 ва та тренировка 30 мин фитнес (2-3 серии 3 упражнения за ръце, три за средна част и 2 за крака, всяко упражнение се прави по 30 сек с почивка 30 сек и 3 мин между сериите)","1 тренировка: Колело: {мин} мин загрявка + {време} 2 зона по време на карането включете {повторения} по {дължина} мин каране в 3 зона, като почивката между отсечките е 10 тина минути леко каране. 2 тренировка: или веднага след 1 ва та тренировка {мин} мин фитнес (2-3 серии 3 упражнения за ръце, три за средна част и 2 за крака, всяко упражнение се прави по {сек} сек с почивка {сек} сек и {мин} мин между сериите)",40.0,50.0,14.0,0.0,0.0,0.0,30.0,0.0,134.0,"{""Z1"": 40.0, ""Z2"": 50.0, ""Z3"": 14.0, ""OSI"": 30.0}",80,0.5,"колело,фитнес",обща издръжливост/ОСИ/база,АПРИЛ,МИКРОЦИКЪЛ 3,ТИП НА МИКРОЦИКЪЛА:,ВТОРНИК
m_012,early,1/3 до старта,OSI,Почивка / възстановителен ден,"1 тренировка: 1 ч крос 1, 2 зона, като който се чувства свеж след първите 20 мин прави 4-5 по 30 сек бързи отсечки, свободни без ограничения за скорост и почивка между тях. 2 тренировка: или веднага след 1 ва та тренировка 30 мин фитнес (2-3 серии 3 упражнения за ръце, три за средна част и 2 за крака, всяко упражнение се прави по 30 сек с почивка 30 сек и 3 мин между сериите)","1 тренировка: {часове} ч крос 1, 2 зона, като който се чувства свеж след първите {мин} мин прави 4-{повторения} по {дължина} сек бързи отсечки, свободни без ограничения за скорост и почивка между тях. 2 тренировка: или веднага след 1 ва та тренировка {мин} мин фитнес (2-3 серии 3 упражнения за ръце, три за средна част и 2 за крака, всяко упражнение се прави по {сек} сек с почивка {сек} сек и {мин} мин между сериите)",30.0,30.0,0.0,0.0,3.0,0.0,30.0,3.0,96.0,"{""Z1"": 30.0, ""Z2"": 30.0, ""Z5"": 3.0, ""OSI"": 30.0, ""SSI"": 3.0}",80,0.5,"крос,фитнес",обща издръжливост/ОСИ/база,АПРИЛ,МИКРОЦИКЪЛ 3,ТИП НА МИКРОЦИКЪЛА:,ПЕТЪК
m_016,early,1/3 до старта,OSI,Почивка / възстановителен ден,"1 тренировка: 2:00 ч колело 1 - 2 зона, свободно аеробно каране 2 тренировка: или веднага след 1 ва та тренировка 30 мин фитнес (2-3 серии 3 упражнения за ръце, три за средна част и 2 за крака, всяко упражнение се прави по 30 сек с почивка 30 сек и 3 мин между сериите)","1 тренировка: {време} колело 1 - 2 зона, свободно аеробно каране 2 тренировка: или веднага след 1 ва та тренировка {мин} мин фитнес (2-3 серии 3 упражнения за ръце, три за средна част и 2 за крака, всяко упражнение се прави по {сек} сек с почивка {сек} сек и {мин} мин между сериите)",60.0,60.0,0.0,0.0,0.0,0.0,30.0,0.0,150.0,"{""Z1"": 60.0, ""Z2"": 60.0, ""OSI"": 30.0}",80,0.5,"колело,фитнес",обща издръжливост/ОСИ/база,АПРИЛ,МИКРОЦИКЪЛ 4,ТИП НА МИКРОЦИКЪЛА:,ВТОРНИК
m_024,early,1/3 до старта,OSI,Почивка / възстановителен ден,"Преди обяд: 1. Колело (2:30 – 3:00 ч) 1-2 зона След обяд: 1. Стрелба от спокойно положение (техническа) 1ч. 2. Загрявка (10-15мин бягане) + ОСИ – кръгова тренировка (30 сек х 8 упражнения, 3-4 кръга) Работа: 30 сек работа на упражнение Почивка между упражнения: 30 сек Почивка между кръговете: 3 мин","Преди обяд: 1. Колело ({време}) 1-2 зона След обяд: 1. Стрелба от спокойно положение (техническа) {часове} ч. 2. Загрявка ({мин} мин бягане) + ОСИ – кръгова тренировка ({сек} сек х 8 упражнения, 3-4 кръга) Работа: {сек} сек работа на упражнение Почивка между упражнения: {сек} сек Почивка между кръговете: {мин} мин",120.0,60.0,0.0,0.0,0.0,0.0,50.0,0.0,230.0,"{""Z1"": 120.0, ""Z2"": 60.0, ""OSI"": 50.0}",80,0.5,колело,обща издръжливост/ОСИ/база,Май,МИКРОЦИКЪЛ 5,ТИП НА МИКРОЦИКЪЛА:,СРЯДА 04.06
m_102,early,1/3 до старта,OSI,Почивка / възстановителен ден,"Преди обяд: Почивка След обяд: 1. 50-60 мин крос 1-2 зона + Силова издръжливост /силова зала/ 3 упражнения по 4 серии за горна част, 3 упражнения по 4 серии за средна част и 2 упражнения по 4 серии за долна част","Преди обяд: Почивка След обяд: 1. {мин} мин крос 1-2 зона + Силова издръжливост /силова зала/ 3 упражнения по 4 серии за горна част, 3 упражнения по 4 серии за средна част и 2 упражнения по 4 серии за долна част",40.0,20.0,0.0,0.0,0.0,0.0,60.0,0.0,120.0,"{""Z1"": 40.0, ""Z2"": 20.0, ""OSI"": 60.0}",80,0.5,"крос,силова",обща издръжливост/ОСИ/база,Август,МИКРОЦИКЪЛ 20,ТИП НА МИКРОЦИКЪЛА: Развиващ,ЧЕТВЪРТЪК 04.09
m_001,early,1/3 до старта,Z1,Нискоинтензивна аеробна работа,"1 ч. 1-2 зона + 2 серии 4 по 60 м спринтове, отсечките се правят с резерв (90%), първата серия със значителен резерв, целта е след нея да не се появи мускулна треска.","{часове} ч. 1-2 зона + 2 серии {повторения} по {дължина} м спринтове, отсечките се правят с резерв (90%), първата серия със значителен резерв, целта е след нея да не се появи мускулна треска.",60.0,20.0,0.0,0.0,2.0,0.0,0.0,0.0,82.0,"{""Z1"": 60.0, ""Z2"": 20.0, ""Z5"": 2.0}",60,0.5,спринт,обща издръжливост/ОСИ/база,АПРИЛ,МИКРОЦИКЪЛ 1,ТИП НА МИКРОЦИКЪЛА:,ПОНЕДЕЛНИК 28.04
m_003,early,1/3 до старта,Z1,Нискоинтензивна аеробна работа,"2 ч Колело 1 зона, по време на карането след 40 тата мин се прав 10-15 по 15 сек 5та зона на 90%, бързо но свободно, без стискане, темпото е такаова, което при максумално усили можете да се поддържате около 2 мин. Целта на тренировката е развитие на аеробна осново, като допълнително се стимулират и анаеробните функции. Това не е изграждаща тренировка!","{часове} ч Колело 1 зона, по време на карането след 40 тата мин се прав 10-{повторения} по {дължина} сек 5та зона на 90%, бързо но свободно, без стискане, темпото е такаова, което при максумално усили можете да се поддържате около {мин} мин. Целта на тренировката е развитие на аеробна осново, като допълнително се стимулират и анаеробните функции. Това не е изграждаща тренировка!",120.0,0.0,0.0,0.0,3.0,0.0,0.0,7.0,130.0,"{""Z1"": 120.0, ""Z5"": 3.0, ""SSI"": 7.0}",60,0.5,колело,обща издръжливост/ОСИ/база,АПРИЛ,МИКРОЦИКЪЛ 1,ТИП НА МИКРОЦИКЪЛА:,СРЯДА 30.04
m_006,early,1/3 до старта,Z1,Нискоинтензивна аеробна работа,"2:30 ч преход 1 зона в планината, 1 час горни гранници на 2 ра зона","{време} преход 1 зона в планината, 1 час горни гранници на 2 ра зона",90.0,60.0,0.0,0.0,0.0,0.0,0.0,0.0,150.0,"{""Z1"": 90.0, ""Z2"": 60.0}",60,0.5,,обща издръжливост/ОСИ/база,АПРИЛ,МИКРОЦИКЪЛ 1,ТИП НА МИКРОЦИКЪЛА:,СЪБОТА 03.05
m_008,early,1/3 до старта,Z1,Нискоинтензивна аеробна работа,"1 тренировка: 1:00 ч. Крос 1-2 зона по време на бягането след първите 20 мин 4-5 по 60 м спринтове, отсечките се правят с резерв (90%), целта е активиране на бързите мускулни влакна.","1 тренировка: {време}. Крос 1-2 зона по време на бягането след първите {мин} мин 4-{повторения} по {дължина} м спринтове, отсечките се правят с резерв (90%), целта е активиране на бързите мускулни влакна.",30.0,30.0,0.0,0.0,2.0,0.0,0.0,0.0,62.0,"{""Z1"": 30.0, ""Z2"": 30.0, ""Z5"": 2.0}",60,0.5,"крос,спринт",обща издръжливост/ОСИ/база,АПРИЛ,МИКРОЦИКЪЛ 3,ТИП НА МИКРОЦИКЪЛА:,ПОНЕДЕЛНИК
m_010,early,1/3 до старта,Z1,Нискоинтензивна аеробна работа,"1 тренировка: 2 ч Колело птрвите 20-30 мин 1 ва зона, останалата част 2 зона, по време на карането след 40 тата мин се прав 5-8 по 15 сек 4-5та зона на 90%, бързо но свободно, без стискане, темпото е такаова, което при максумално усили можете да се поддържате около 2 мин. Целта на тренировката е развитие на аеробна осново, като допълнително се стимулират и анаеробните функции. Това не е изграждаща тренировка!","1 тренировка: {часове} ч Колело птрвите {мин} мин 1 ва зона, останалата част 2 зона, по време на карането след 40 тата мин се прав 5-{повторения} по {дължина} сек 4-5та зона на 90%, бързо но свободно, без стискане, темпото е такаова, което при максумално усили можете да се поддържате около {мин} мин. Целта на тренировката е развитие на аеробна осново, като допълнително се стимулират и анаеробните функции. Това не е изграждаща тренировка!",60.0,60.0,0.0,0.0,2.0,0.0,0.0,2.0,124.0,"{""Z1"": 60.0, ""Z2"": 60.0, ""Z5"": 2.0, ""SSI"": 2.0}",60,0.5,колело,обща издръжливост/ОСИ/база,АПРИЛ,МИКРОЦИКЪЛ 3,ТИП НА МИКРОЦИКЪЛА:,СРЯДА
m_015,early,1/3 до старта,Z1,Нискоинтензивна аеробна работа,"1 тренировка: 1 ч Крос 1-2 зона по време на бягането след първите 20 мин 4-5 по 60 м спринтове, отсечките се правят с резерв (90%), целта е активиране на бързите мускулни влакна.","1 тренировка: {часове} ч Крос 1-2 зона по време на бягането след първите {мин} мин 4-{повторения} по {дължина} м спринтове, отсечките се правят с резерв (90%), целта е активиране на бързите мускулни влакна.",30.0,30.0,0.0,0.0,2.0,0.0,0.0,0.0,62.0,"{""Z1"": 30.0, ""Z2"": 30.0, ""Z5"": 2.0}",60,0.5,"крос,спринт",обща издръжливост/ОСИ/база,АПРИЛ,МИКРОЦИКЪЛ 4,ТИП НА МИКРОЦИКЪЛА:,ПОНЕДЕЛНИК
m_020,early,1/3 до старта,Z1,Нискоинтензивна аеробна работа,"2:00 ч преход 1 зона в планината, 1:00 час 2 ра зона","{време} преход 1 зона в планината, {време}ас 2 ра зона",60.0,60.0,0.0,0.0,0.0,0.0,0.0,0.0,120.0,"{""Z1"": 60.0, ""Z2"": 60.0}",60,0.5,,обща издръжливост/ОСИ/база,АПРИЛ,МИКРОЦИКЪЛ 4,ТИП НА МИКРОЦИКЪЛА:,СЪБОТА
m_027,early,1/3 до старта,Z1,Нискоинтензивна аеробна работа,Преди обяд: Планински преход (3:30-4:00ч) След обяд: СПА,Преди обяд: Планински преход ({време}) След обяд: СПА,150.0,90.0,0.0,0.0,0.0,0.0,0.0,0.0,240.0,"{""Z1"": 150.0, ""Z2"": 90.0}",60,0.5,ски,обща издръжливост/ОСИ/база,Май,МИКРОЦИКЪЛ 5,ТИП НА МИКРОЦИКЪЛА:,СЪБОТА 07.06
m_030,early,1/3 до старта,Z1,Нискоинтензивна аеробна работа,Преди обяд: Планински преход (3:30-4:00ч) След обяд: 1. Стрелба от спокойно положение (техника) 1ч. СПА,Преди обяд: Планински преход ({време}) След обяд: 1. Стрелба от спокойно положение (техника) {часове} ч. СПА,150.0,90.0,0.0,0.0,0.0,0.0,0.0,0.0,240.0,"{""Z1"": 150.0, ""Z2"": 90.0}",60,0.5,ски,обща издръжливост/ОСИ/база,Май,МИКРОЦИКЪЛ 6,ТИП НА МИКРОЦИКЪЛА:,СЪБОТА 07.06
m_031,early,1/3 до старта,Z1,Нискоинтензивна аеробна работа,Преди обяд: 1. Колело (2:00 – 2:30 ч) 1-2 зона,Преди обяд: 1. Колело ({време}) 1-2 зона,90.0,60.0,0.0,0.0,0.0,0.0,0.0,0.0,150.0,"{""Z1"": 90.0, ""Z2"": 60.0}",60,0.5,колело,обща издръжливост/ОСИ/база,Юни,МИКРОЦИКЪЛ 9,ТИП НА МИКРОЦИКЪЛА: Възстановителен/поддържащ,ВТОРНИК 17.06
m_034,early,1/3 до старта,Z1,Нискоинтензивна аеробна работа,Преди обяд: 1. Крос (1:00 – 1:20 ч) 1-2 зона,Преди обяд: 1. Крос ({време}) 1-2 зона,60.0,20.0,0.0,0.0,0.0,0.0,0.0,0.0,80.0,"{""Z1"": 60.0, ""Z2"": 20.0}",60,0.5,крос,обща издръжливост/ОСИ/база,Юни,МИКРОЦИКЪЛ 9,ТИП НА МИКРОЦИКЪЛА: Възстановителен/поддържащ,ПЕТЪК 20.06
m_039,early,1/3 до старта,Z1,Нискоинтензивна аеробна работа,Преди обяд: Планински преход 1-2 зона (3:00-3:30ч),Преди обяд: Планински преход 1-2 зона ({време}),120.0,90.0,0.0,0.0,0.0,0.0,0.0,0.0,210.0,"{""Z1"": 120.0, ""Z2"": 90.0}",60,0.5,ски,обща издръжливост/ОСИ/база,Юни,МИКРОЦИКЪЛ 10,ТИП НА МИКРОЦИКЪЛА: Възстановителен/поддържащ,СРЯДА 25.06
m_040,early,1/3 до старта,Z1,Нискоинтензивна аеробна работа,Пътуване за Белмекен След обяд: Крос 1 ч 1-2 зона,Пътуване за Белмекен След обяд: Крос {часове} ч 1-2 зона,30.0,30.0,0.0,0.0,0.0,0.0,0.0,0.0,60.0,"{""Z1"": 30.0, ""Z2"": 30.0}",60,0.5,крос,обща издръжливост/ОСИ/база,Юни,МИКРОЦИКЪЛ 10,ТИП НА МИКРОЦИКЪЛА: Възстановителен/поддържащ,ПЕТЪК 27.06
m_046,early,1/3 до старта,Z1,Нискоинтензивна аеробна работа,Преди обяд: Планински преход 1-2 зона (3:30-4:00ч) - 1:30 ч горна граница на 2 зона След обяд: Игра волейбол,Преди обяд: Планински преход 1-2 зона ({време}) - {време} горна граница на 2 зона След обяд: Игра волейбол,150.0,90.0,0.0,0.0,0.0,0.0,0.0,0.0,240.0,"{""Z1"": 150.0, ""Z2"": 90.0}",60,0.5,ски,обща издръжливост/ОСИ/база,Юни,МИКРОЦИКЪЛ 11,ТИП НА МИКРОЦИКЪЛА: Развиващ,ЧЕТВЪРТЪК 03.07
m_050,early,1/3 до старта,Z1,Нискоинтензивна аеробна работа,Преди обяд: 1. Стрелба от спокойно положение - тест ...,Преди обяд: 1. Стрелба от спокойно положение - тест ...,120.0,90.0,0.0,0.0,0.0,0.0,0.0,0.0,210.0,"{""Z1"": 120.0, ""Z2"": 90.0}",60,0.5,,обща издръжливост/ОСИ/база,Юли,МИКРОЦИКЪЛ 13,ТИП НА МИКРОЦИКЪЛА: Развиващ,ПОНЕДЕЛНИК 07.07
m_053,early,1/3 до старта,Z1,Нискоинтензивна аеробна работа,Преди обяд: Планински преход 1-2 зона (3:30-4:00ч) - 1:30 ч горна граница н...,Преди обяд: Планински преход 1-2 зона ({време}) - {време} горна граница н...,150.0,90.0,0.0,0.0,0.0,0.0,0.0,0.0,240.0,"{""Z1"": 150.0, ""Z2"": 90.0}",60,0.5,ски,обща издръжливост/ОСИ/база,Юли,МИКРОЦИКЪЛ 13,ТИП НА МИКРОЦИКЪЛА: Развиващ,ЧЕТВЪРТЪК 10.07
m_054,early,1/3 до старта,Z1,Нискоинтензивна аеробна работа,Преди обяд: ...,Преди обяд: ...,120.0,90.0,0.0,0.0,0.0,0.0,0.0,0.0,210.0,"{""Z1"": 120.0, ""Z2"": 90.0}",60,0.5,,обща издръжливост/ОСИ/база,Юли,МИКРОЦИКЪЛ 14,ТИП НА МИКРОЦИКЪЛА: Развиващ,ПОНЕДЕЛНИК 14.07
m_056,early,1/3 до старта,Z1,Нискоинтензивна аеробна работа,Преди обяд: 1. Тест стрелба - 30 + 30 2. Тест за ръце (тренажор) - 15 сек + 3 мин 3. Ролки 1:20-1:30ч 1-2 зона,Преди обяд: 1. Тест стрелба - 30 + 30 2. Тест за ръце (тренажор) - {сек} сек + {мин} мин 3. Ролки {време} 1-2 зона,60.0,30.0,0.0,0.0,3.0,0.0,0.0,0.0,93.0,"{""Z1"": 60.0, ""Z2"": 30.0, ""Z5"": 3.0}",60,0.5,"ролки,тренажор",обща издръжливост/ОСИ/база,Юли,МИКРОЦИКЪЛ 14,ТИП НА МИКРОЦИКЪЛА: Развиващ,ПЕТЪК 18.07
m_060,early,1/3 до старта,Z1,Нискоинтензивна аеробна работа,Преди обяд: Крос 1-2 зона (1:20-1:40ч) или ролки (1:40-2 ч),Преди обяд: Крос 1-2 зона ({време}) или ролки ({време}-{часове} ч),70.0,40.0,0.0,0.0,0.0,0.0,0.0,22.0,132.0,"{""Z1"": 70.0, ""Z2"": 40.0, ""SSI"": 22.0}",60,0.5,"ролки,крос",обща издръжливост/ОСИ/база,Юли,МИКРОЦИКЪЛ 15,ТИП НА МИКРОЦИКЪЛА: Възстановителен,СРЯДА 23.07
m_066,early,1/3 до старта,Z1,Нискоинтензивна аеробна работа,Преди обяд: ...,Преди обяд: ...,90.0,90.0,0.0,0.0,0.0,0.0,0.0,0.0,180.0,"{""Z1"": 90.0, ""Z2"": 90.0}",60,0.5,,обща издръжливост/ОСИ/база,Юли,МИКРОЦИКЪЛ 16,ТИП НА МИКРОЦИКЪЛА: Развиващ,СРЯДА 30.07
m_069,early,1/3 до старта,Z1,Нискоинтензивна аеробна работа,Преди обяд: Планински преход 1-2 зона (3:00-3:30ч) - 1:30 ч горна граница на 2 зона След обяд: Игра волейбол,Преди обяд: Планински преход 1-2 зона ({време}) - {време} горна граница на 2 зона След обяд: Игра волейбол,120.0,90.0,0.0,0.0,0.0,0.0,0.0,0.0,210.0,"{""Z1"": 120.0, ""Z2"": 90.0}",60,0.5,ски,обща издръжливост/ОСИ/база,Юли,МИКРОЦИКЪЛ 16,ТИП НА МИКРОЦИКЪЛА: Развиващ,СЪБОТА 02.08
m_078,early,1/3 до старта,Z1,Нискоинтензивна аеробна работа,Преди обяд: 1. Крос 50 - 1:10 ч крос 1 зона,Преди обяд: 1. Крос 50 - {време} крос 1 зона,70.0,0.0,0.0,0.0,0.0,0.0,0.0,0.0,70.0,"{""Z1"": 70.0}",60,0.5,крос,обща издръжливост/ОСИ/база,Август,МИКРОЦИКЪЛ 18,ТИП НА МИКРОЦИКЪЛА: Състезателен,ПОНЕДЕЛНИК 18.08
m_088,early,1/3 до старта,Z1,Нискоинтензивна аеробна работа,Преди обяд: 1. Колело - 3-3:30 ч 1 зона,Преди обяд: 1. Колело - 3-{време} 1 зона,210.0,0.0,0.0,0.0,0.0,0.0,0.0,0.0,210.0,"{""Z1"": 210.0}",60,0.5,колело,обща издръжливост/ОСИ/база,Август,МИКРОЦИКЪЛ 19,ТИП НА МИКРОЦИКЪЛА: Възстановителен,ПЕТЪК 29.08
m_089,early,1/3 до старта,Z1,Нискоинтензивна аеробна работа,Пътуване за Банско След обяд: Крос 40-50 мин 1-2 зона,Пътуване за Банско След обяд: Крос {мин} мин 1-2 зона,50.0,0.0,0.0,0.0,0.0,0.0,0.0,0.0,50.0,"{""Z1"": 50.0}",60,0.5,крос,обща издръжливост/ОСИ/база,Август,МИКРОЦИКЪЛ 19,ТИП НА МИКРОЦИКЪЛА: Възстановителен,СЪБОТА 30.08
m_091,early,1/3 до старта,Z1,Нискоинтензивна аеробна работа,Преди обяд: 1. Класика - 1:20-1:30 1 зона,Преди обяд: 1. Класика - {време}1 зона,70.0,20.0,0.0,0.0,0.0,0.0,0.0,0.0,90.0,"{""Z1"": 70.0, ""Z2"": 20.0}",60,0.5,,обща издръжливост/ОСИ/база,Август,МИКРОЦИКЪЛ 19,ТИП НА МИКРОЦИКЪЛА: Възстановителен,ВТОРНИК 23.09
m_093,early,1/3 до старта,Z1,Нискоинтензивна аеробна работа,Преди обяд: 1. Колело 2:30-3:00 ч 1 зона,Преди обяд: 1. Колело {време} 1 зона,150.0,30.0,0.0,0.0,0.0,0.0,0.0,0.0,180.0,"{""Z1"": 150.0, ""Z2"": 30.0}",60,0.5,колело,обща издръжливост/ОСИ/база,Август,МИКРОЦИКЪЛ 19,ТИП НА МИКРОЦИКЪЛА: Възстановителен,ЧЕТВЪРТЪК 25.09
m_094,early,1/3 до старта,Z1,Нискоинтензивна аеробна работа,Преди обяд: 1. Крос 40 - 50 мин + спринтове - крос 40-50 мин 1 зона - упражнения и бегови - 8-10 по 60 м ускорение (с резерв за да не ви хване мускулна треска) - 10 мин разпускане,Преди обяд: 1. Крос {мин} мин + спринтове - крос {мин} мин 1 зона - упражнения и бегови - 8-{повторения} по {дължина} м ускорение (с резерв за да не ви хване мускулна треска) - {мин} мин разпускане,60.0,0.0,0.0,0.0,2.0,0.0,0.0,0.0,62.0,"{""Z1"": 60.0, ""Z5"": 2.0}",60,0.5,"крос,спринт",обща издръжливост/ОСИ/база,Август,МИКРОЦИКЪЛ 19,ТИП НА МИКРОЦИКЪЛА: Възстановителен,СЪБОТА 27.09
m_104,early,1/3 до старта,Z1,Нискоинтензивна аеробна работа,Преди обяд: Планински преход 1-2 зона (3:30-4:00ч),Преди обяд: Планински преход 1-2 зона ({време}),180.0,60.0,0.0,0.0,0.0,0.0,0.0,0.0,240.0,"{""Z1"": 180.0, ""Z2"": 60.0}",60,0.5,ски,обща издръжливост/ОСИ/база,Август,МИКРОЦИКЪЛ 20,ТИП НА МИКРОЦИКЪЛА: Развиващ,СЪБОТА 06.09
m_106,early,1/3 до старта,Z1,Нискоинтензивна аеробна работа,Преди обяд: 1. Колело до Гърция - 3:30-4:00 ч 1 зона След обяд: Отпътуване,Преди обяд: 1. Колело до Гърция - {време} 1 зона След обяд: Отпътуване,210.0,30.0,0.0,0.0,0.0,0.0,0.0,0.0,240.0,"{""Z1"": 210.0, ""Z2"": 30.0}",60,0.5,колело,обща издръжливост/ОСИ/база,Септемрви,МИКРОЦИКЪЛ 21,ТИП НА МИКРОЦИКЪЛА: Развиващ,ВТОРНИК 09.09
m_109,early,1/3 до старта,Z1,Нискоинтензивна аеробна работа,Преди обяд: Пристигане Белемекен След обяд: 1. Ролки 1:30-1:40 ч,Преди обяд: Пристигане Белемекен След обяд: 1. Ролки {време},60.0,40.0,0.0,0.0,0.0,0.0,0.0,0.0,100.0,"{""Z1"": 60.0, ""Z2"": 40.0}",60,0.5,ролки,обща издръжливост/ОСИ/база,Септемрви,МИКРОЦИКЪЛ 21,ТИП НА МИКРОЦИКЪЛА: Развиващ,ПЕТЪК 12.09
m_112,early,1/3 до старта,Z1,Нискоинтензивна аеробна работа,Преди обяд: Планински преход 1-2 зона (3:00-3:30ч) След обяд: Спортна игра,Преди обяд: Планински преход 1-2 зона ({време}) След обяд: Спортна игра,150.0,60.0,0.0,0.0,0.0,0.0,0.0,0.0,210.0,"{""Z1"": 150.0, ""Z2"": 60.0}",60,0.5,ски,обща издръжливост/ОСИ/база,Септемрви,МИКРОЦИКЪЛ 22,ТИП НА МИКРОЦИКЪЛА: Развиваш,ПОНЕДЕЛНИК 15.09
m_117,early,1/3 до старта,Z1,Нискоинтензивна аеробна работа,Пътуване за Банско След обяд: Крос 1-2 зона (1:00-1:10ч),Пътуване за Банско След обяд: Крос 1-2 зона ({време}),40.0,30.0,0.0,0.0,0.0,0.0,0.0,0.0,70.0,"{""Z1"": 40.0, ""Z2"": 30.0}",60,0.5,крос,обща издръжливост/ОСИ/база,Септемрви,МИКРОЦИКЪЛ 22,ТИП НА МИКРОЦИКЪЛА: Развиваш,ЧЕТВЪРТЪК 02.10
m_121,early,1/3 до старта,Z1,Нискоинтензивна аеробна работа,Преди обяд: 1. Ролки - 2:30-3:00 ч 1 зона,Преди обяд: 1. Ролки - {време} 1 зона,180.0,0.0,0.0,0.0,0.0,0.0,0.0,0.0,180.0,"{""Z1"": 180.0}",60,0.5,ролки,обща издръжливост/ОСИ/база,Септемрви,МИКРОЦИКЪЛ 22,ТИП НА МИКРОЦИКЪЛА: Развиваш,СРЯДА 08.10
m_126,early,1/3 до старта,Z1,Нискоинтензивна аеробна работа,Преди обяд: 1. Крос 50 - 1:10 ч или класика - 1:20-1:30 1 зона,Преди обяд: 1. Крос 50 - {време} или класика - {време}1 зона,70.0,20.0,0.0,0.0,0.0,0.0,0.0,0.0,90.0,"{""Z1"": 70.0, ""Z2"": 20.0}",60,0.5,крос,обща издръжливост/ОСИ/база,Септемрви,МИКРОЦИКЪЛ 23,ТИП НА МИКРОЦИКЪЛА: Възстановителен,ВТОРНИК 23.09
m_130,early,1/3 до старта,Z1,Нискоинтензивна аеробна работа,Преди обяд: 1. Ролки - класика 1:30-1:50 ч. 1-2 зона,Преди обяд: 1. Ролки - класика {време}. 1-2 зона,80.0,20.0,0.0,0.0,0.0,0.0,0.0,20.0,120.0,"{""Z1"": 80.0, ""Z2"": 20.0, ""SSI"": 20.0}",60,0.5,ролки,обща издръжливост/ОСИ/база,Септемрви,МИКРОЦИКЪЛ 23,ТИП НА МИКРОЦИКЪЛА: Възстановителен,СРЯДА 15.10
m_132,early,1/3 до старта,Z1,Нискоинтензивна аеробна работа,Преди обяд: Планински преход (3:30-4:00ч) - 1-2 зона,Преди обяд: Планински преход ({време}) - 1-2 зона,180.0,60.0,0.0,0.0,0.0,0.0,0.0,0.0,240.0,"{""Z1"": 180.0, ""Z2"": 60.0}",60,0.5,ски,обща издръжливост/ОСИ/база,Септемрви,МИКРОЦИКЪЛ 23,ТИП НА МИКРОЦИКЪЛА: Възстановителен,ПЕТЪК 17.10
m_139,early,1/3 до старта,Z1,Нискоинтензивна аеробна работа,Преди обяд: 1. Ролки - 1:30-1:40 ч 1-2 зона,Преди обяд: 1. Ролки - {време} 1-2 зона,54.99999999999999,45.0,0.0,0.0,0.0,0.0,0.0,0.0,100.0,"{""Z1"": 55.0, ""Z2"": 45.0}",60,0.5,ролки,обща издръжливост/ОСИ/база,Октомври,МИКРОЦИКЪЛ 27,ТИП НА МИКРОЦИКЪЛА: Възстановителен/поддържащ,ПОНЕДЕЛНИК 20.10
m_146,early,1/3 до старта,Z1,Нискоинтензивна аеробна работа,Преди обяд: 1. Ролки - класика: 1:30-1:40 ч 1-2 зона,Преди обяд: 1. Ролки - класика: {време} 1-2 зона,70.0,30.0,0.0,0.0,0.0,0.0,0.0,0.0,100.0,"{""Z1"": 70.0, ""Z2"": 30.0}",60,0.5,ролки,обща издръжливост/ОСИ/база,Октомври,МИКРОЦИКЪЛ 27,ТИП НА МИКРОЦИКЪЛА: Възстановителен/поддържащ,НЕДЕЛЯ 26.10
m_149,early,1/3 до старта,Z1,Нискоинтензивна аеробна работа,Преди обяд: по желание лек крос След обяд: Пътуване за Австрия,Преди обяд: по желание лек крос След обяд: Пътуване за Австрия,40.0,10.0,0.0,0.0,0.0,0.0,0.0,0.0,50.0,"{""Z1"": 40.0, ""Z2"": 10.0}",60,0.5,крос,обща издръжливост/ОСИ/база,Октомври,МИКРОЦИКЪЛ 28,ТИП НА МИКРОЦИКЪЛА: Възстановителен/поддържащ,ВТОРНИК 28.10
m_156,early,1/3 до старта,Z1,Нискоинтензивна аеробна работа,Преди обяд: 1. Ски - 2:30-3:00 ч 1 зона ...,Преди обяд: 1. Ски - {време} 1 зона ...,160.0,20.0,0.0,0.0,0.0,0.0,0.0,0.0,180.0,"{""Z1"": 160.0, ""Z2"": 20.0}",60,0.5,ски,обща издръжливост/ОСИ/база,Ноември,МИКРОЦИКЪЛ 29,ТИП НА МИКРОЦИКЪЛА: Развиващ,СРЯДА 05.11
m_159,early,1/3 до старта,Z1,Нискоинтензивна аеробна работа,Преди обяд: Пътуване за Обертилях След обяд: 1. 0:40-1:00 ч крос,Преди обяд: Пътуване за Обертилях След обяд: 1. {време} крос,60.0,0.0,0.0,0.0,0.0,0.0,0.0,0.0,60.0,"{""Z1"": 60.0}",60,0.5,крос,обща издръжливост/ОСИ/база,Ноември,МИКРОЦИКЪЛ 29,ТИП НА МИКРОЦИКЪЛА: Развиващ,СЪБОТА 08.11
m_163,early,1/3 до старта,Z1,Нискоинтензивна аеробна работа,Преди обяд: 1. КТ Ски - 1:40-2 ч ...,Преди обяд: 1. КТ Ски - {време}-{часове} ч ...,90.0,30.0,0.0,0.0,0.0,0.0,0.0,0.0,120.0,"{""Z1"": 90.0, ""Z2"": 30.0}",60,0.5,ски,обща издръжливост/ОСИ/база,Ноември,МИКРОЦИКЪЛ 29,ТИП НА МИКРОЦИКЪЛА: Развиващ,ВТОРНИК 11.11
m_172,early,1/3 до старта,Z1,Нискоинтензивна аеробна работа,Преди обяд: 1. КТ Ски - 2-3 ч 1-2 зона.,Преди обяд: 1. КТ Ски - {часове} ч 1-2 зона.,120.0,60.0,0.0,0.0,0.0,0.0,0.0,0.0,180.0,"{""Z1"": 120.0, ""Z2"": 60.0}",60,0.5,ски,обща издръжливост/ОСИ/база,Ноември,МИКРОЦИКЪЛ 30,ТИП НА МИКРОЦИКЪЛА: Развиваш,ВТОРНИК 17.02
m_180,early,1/3 до старта,Z1,Нискоинтензивна аеробна работа,Преди обяд: ...,Преди обяд: ...,99.99999999999999,0.0,0.0,0.0,0.0,0.0,0.0,0.0,100.0,"{""Z1"": 100.0}",60,0.5,,обща издръжливост/ОСИ/база,Ноември,МИКРОЦИКЪЛ 31,ТИП НА МИКРОЦИКЪЛА: Възстановителен,ПОНЕДЕЛНИК 17.11
m_188,early,1/3 до старта,Z1,Нискоинтензивна аеробна работа,Преди обяд: ...,Преди обяд: ...,30.0,30.0,0.0,0.0,3.0,0.0,0.0,0.0,63.0,"{""Z1"": 30.0, ""Z2"": 30.0, ""Z5"": 3.0}",60,0.5,,обща издръжливост/ОСИ/база,Ноември,МИКРОЦИКЪЛ 32,ТИП НА МИКРОЦИКЪЛА: Развиващ,ЧЕТВЪРТЪК 27.11
m_192,early,1/3 до старта,Z1,Нискоинтензивна аеробна работа,Преди обяд: 1. КТ ски - 1:30-1:40 ч 1 зона След обяд: 1. Крос - 0:40-0:50 ч 1зона,Преди обяд: 1. КТ ски - {време} 1 зона След обяд: 1. Крос - {време} 1зона,120.0,30.0,0.0,0.0,0.0,0.0,0.0,0.0,150.0,"{""Z1"": 120.0, ""Z2"": 30.0}",60,0.5,"крос,ски",обща издръжливост/ОСИ/база,Ноември,МИКРОЦИКЪЛ 32,ТИП НА МИКРОЦИКЪЛА: Развиващ,НЕДЕЛЯ 23.11
m_195,early,1/3 до старта,Z1,Нискоинтензивна аеробна работа,Преди обяд: 1. КТ Ски - 1:20-1:30 ч 1 зона ...,Преди обяд: 1. КТ Ски - {време} 1 зона ...,80.0,0.0,0.0,0.0,0.0,0.0,0.0,0.0,80.0,"{""Z1"": 80.0}",60,0.5,ски,обща издръжливост/ОСИ/база,Декември,МИКРОЦИКЪЛ 33,ТИП НА МИКРОЦИКЪЛА: Състезателен,ВТОРНИК 02.12
m_198,early,1/3 до старта,Z1,Нискоинтензивна аеробна работа,Преди обяд: Крос/класика - 0:50/1:20 мин 1 зона,Преди обяд: Крос/класика - {време}/{време}мин 1 зона,60.0,0.0,0.0,0.0,0.0,0.0,0.0,0.0,60.0,"{""Z1"": 60.0}",60,0.5,крос,обща издръжливост/ОСИ/база,Декември,МИКРОЦИКЪЛ 33,ТИП НА МИКРОЦИКЪЛА: Състезателен,ПЕТЪК 05.12
m_073,early,1/3 до старта,Z1,Почивка / възстановителен ден,Преди обяд: 1. Колело (1:30 – 2:00 ч) 1-2 зона 2. Тренажор 8 серии по 3 мин през 1 мин почивка; След обяд: Почивка,Преди обяд: 1. Колело ({време}) 1-2 зона 2. Тренажор 8 серии по {мин} мин през {мин} мин почивка; След обяд: Почивка,90.0,30.0,0.0,0.0,0.0,0.0,0.0,0.0,120.0,"{""Z1"": 90.0, ""Z2"": 30.0}",60,0.5,"колело,тренажор",обща издръжливост/ОСИ/база,Август,МИКРОЦИКЪЛ 17,ТИП НА МИКРОЦИКЪЛА: Развиващ,СРЯДА 13.08
m_076,early,1/3 до старта,Z1,Почивка / възстановителен ден,Преди обяд: Планински преход 1-2 зона (3:00-3:30ч) - 1:30 ч горна граница на 2 зона След обяд: Почивка,Преди обяд: Планински преход 1-2 зона ({време}) - {време} горна граница на 2 зона След обяд: Почивка,120.0,90.0,0.0,0.0,0.0,0.0,0.0,0.0,210.0,"{""Z1"": 120.0, ""Z2"": 90.0}",60,0.5,ски,обща издръжливост/ОСИ/база,Август,МИКРОЦИКЪЛ 17,ТИП НА МИКРОЦИКЪЛА: Развиващ,СЪБОТА 16.08
m_085,early,1/3 до старта,Z1,Почивка / възстановителен ден,Преди обяд: 50-60 мин крос 1 зона или почивка,Преди обяд: {мин} мин крос 1 зона или почивка,60.0,0.0,0.0,0.0,0.0,0.0,0.0,0.0,60.0,"{""Z1"": 60.0}",60,0.5,крос,обща издръжливост/ОСИ/база,Август,МИКРОЦИКЪЛ 19,ТИП НА МИКРОЦИКЪЛА: Възстановителен,ВТОРНИК 26.08
m_101,early,1/3 до старта,Z1,Почивка / възстановителен ден,Преди обяд: 1. Колело до Гърция - 4-4:30 ч 1 зона След обяд: Почивка,Преди обяд: 1. Колело до Гърция - 4-{време} 1 зона След обяд: Почивка,270.0,0.0,0.0,0.0,0.0,0.0,0.0,0.0,270.0,"{""Z1"": 270.0}",60,0.5,колело,обща издръжливост/ОСИ/база,Август,МИКРОЦИКЪЛ 20,ТИП НА МИКРОЦИКЪЛА: Развиващ,СРЯДА 03.09
m_114,early,1/3 до старта,Z1,Почивка / възстановителен ден,Преди обяд: 1. КТ Колело + тренажор - КТ колело 3:00 – 3:30 ч 1-2 зона - 6 по 4 км - КТ тренажор 8 серии по 3 мин през 1 мин почивка 1-2 зона; След обяд: Почивка,Преди обяд: 1. КТ Колело + тренажор - КТ колело {време} 1-2 зона - {повторения} по {дължина} км - КТ тренажор 8 серии по {мин} мин през {мин} мин почивка 1-2 зона; След обяд: Почивка,210.0,30.0,0.0,0.0,0.0,0.0,0.0,0.0,240.0,"{""Z1"": 210.0, ""Z2"": 30.0}",60,0.5,"колело,тренажор",обща издръжливост/ОСИ/база,Септемрви,МИКРОЦИКЪЛ 22,ТИП НА МИКРОЦИКЪЛА: Развиваш,ЧЕТВЪРТЪК 18.09
m_119,early,1/3 до старта,Z1,Почивка / възстановителен ден,Преди обяд: 1. Крос 1:45-2:00 ч 1-2 зона + тренажор 8 по 3 минпрез 1 мин почивка,Преди обяд: 1. Крос {време} 1-2 зона + тренажор 8 по 3 минпрез {мин} мин почивка,110.00000000000001,40.0,0.0,0.0,0.0,0.0,0.0,0.0,150.0,"{""Z1"": 110.0, ""Z2"": 40.0}",60,0.5,"крос,тренажор",обща издръжливост/ОСИ/база,Септемрви,МИКРОЦИКЪЛ 22,ТИП НА МИКРОЦИКЪЛА: Развиваш,НЕДЕЛЯ 05.10
m_127,early,1/3 до старта,Z1,Почивка / възстановителен ден,ПОЧИВКА,ПОЧИВКА,210.0,0.0,0.0,0.0,0.0,0.0,0.0,0.0,210.0,"{""Z1"": 210.0}",60,0.5,,обща издръжливост/ОСИ/база,Септемрви,МИКРОЦИКЪЛ 23,ТИП НА МИКРОЦИКЪЛА: Възстановителен,ПЕТЪК 26.09
m_135,early,1/3 до старта,Z1,Почивка / възстановителен ден,ПОЧИВКА,ПОЧИВКА,270.0,0.0,0.0,0.0,0.0,0.0,0.0,0.0,270.0,"{""Z1"": 270.0}",60,0.5,,обща издръжливост/ОСИ/база,Септемрви,МИКРОЦИКЪЛ 24,ТИП НА МИКРОЦИКЪЛА: Развиващ,СРЯДА 01.10
m_142,early,1/3 до старта,Z1,Почивка / възстановителен ден,Преди обяд: 1. Крос/ролки 0:50/1:00 ч + спринтове - крос/ролки 0:50/1:00 ч 1-2 зона - упражнения и бегови - 8-12 по 60/100 м ускорение през 1:30 мин почивка (с резерв за да не ви хване мускулна треска) - 10 мин разпускане,Преди обяд: 1. Крос/ролки {време}/{време} + спринтове - крос/ролки {време}/{време} 1-2 зона - упражнения и бегови - 8-12 по 60/100 м ускорение през {време}мин почивка (с резерв за да не ви хване мускулна треска) - {мин} мин разпускане,40.0,30.0,0.0,0.0,3.0,0.0,0.0,0.0,73.0,"{""Z1"": 40.0, ""Z2"": 30.0, ""Z5"": 3.0}",60,0.5,"ролки,крос,спринт",обща издръжливост/ОСИ/база,Октомври,МИКРОЦИКЪЛ 27,ТИП НА МИКРОЦИКЪЛА: Възстановителен/поддържащ,ПЕТЪК 24.10
m_013,early,1/3 до старта,Z2,Основна аеробна работа,"2:30 ч преход 1 зона в планината, 1:30 час 2 ра зона","{време} преход 1 зона в планината, {време}ас 2 ра зона",60.0,90.0,0.0,0.0,0.0,0.0,0.0,0.0,150.0,"{""Z1"": 60.0, ""Z2"": 90.0}",80,0.5,,обща издръжливост/ОСИ/база,АПРИЛ,МИКРОЦИКЪЛ 3,ТИП НА МИКРОЦИКЪЛА:,СЪБОТА
m_037,middle,2/3 до старта,OSI,Обща силова издръжливост,"Преди обяд: КФИ -Дианабат, София След обяд: 1. Загрявка (10 мин бягане) - Силова издръжливост /силова зала/ 50 мин/3 упражнения по 4 серии за горна част, 3 упражнения по 4 серии за средна част и 2 упражнения по 4 серии за долна част","Преди обяд: КФИ -Дианабат, София След обяд: 1. Загрявка ({мин} мин бягане) - Силова издръжливост /силова зала/ {мин} мин/3 упражнения по 4 серии за горна част, 3 упражнения по 4 серии за средна част и 2 упражнения по 4 серии за долна част",17.0,4.0,4.0,4.0,5.0,0.0,50.0,0.0,84.0,"{""Z1"": 17.0, ""Z2"": 4.0, ""Z3"": 4.0, ""Z4"": 4.0, ""Z5"": 5.0, ""OSI"": 50.0}",80,0.55,силова,темпова/специална издръжливост,Юни,МИКРОЦИКЪЛ 10,ТИП НА МИКРОЦИКЪЛА: Възстановителен/поддържащ,ПОНЕДЕЛНИК 23.06
m_019,middle,2/3 до старта,OSI,Почивка / възстановителен ден,"1 тренировка: 1 ч крос 1-2 зона, като който се чувства свеж след първите 20 мин прави 3-4 по 30 сек бързи отсечки, свободни без ограничения за скорост и почивка между тях. 2 тренировка: или веднага след 1 ва та тренировка 30 мин фитнес (2-3 серии 3 упражнения за ръце, три за средна част и 2 за крака, всяко упражнение се прави по 30 сек с почивка 30 сек и 3 мин между сериите)","1 тренировка: {часове} ч крос 1-2 зона, като който се чувства свеж след първите {мин} мин прави 3-{повторения} по {дължина} сек бързи отсечки, свободни без ограничения за скорост и почивка между тях. 2 тренировка: или веднага след 1 ва та тренировка {мин} мин фитнес (2-3 серии 3 упражнения за ръце, три за средна част и 2 за крака, всяко упражнение се прави по {сек} сек с почивка {сек} сек и {мин} мин между сериите)",30.0,30.0,0.0,2.0,0.0,0.0,30.0,2.0,94.0,"{""Z1"": 30.0, ""Z2"": 30.0, ""Z4"": 2.0, ""OSI"": 30.0, ""SSI"": 2.0}",80,0.55,"крос,фитнес",темпова/специална издръжливост,АПРИЛ,МИКРОЦИКЪЛ 4,ТИП НА МИКРОЦИКЪЛА:,ПЕТЪК
m_118,middle,2/3 до старта,SSI,Специална силова издръжливост,"Преди обяд: 1. Крос 00:45-1:00 ч + Силова издръжливост /силова зала/ 3 упражнения по 4 серии за горна част, 3 упражнения по 4 серии за средна част и 2 упражнения по 4 серии за долна част След обяд: 1. Ролки - 1:30-1:40 ч 1-2 зона","Преди обяд: 1. Крос {време} + Силова издръжливост /силова зала/ 3 упражнения по 4 серии за горна част, 3 упражнения по 4 серии за средна част и 2 упражнения по 4 серии за долна част След обяд: 1. Ролки - {време} 1-2 зона",120.0,50.0,0.0,0.0,0.0,0.0,60.0,50.0,280.0,"{""Z1"": 120.0, ""Z2"": 50.0, ""OSI"": 60.0, ""SSI"": 50.0}",90,0.55,"ролки,крос,силова",темпова/специална издръжливост,Септемрви,МИКРОЦИКЪЛ 22,ТИП НА МИКРОЦИКЪЛА: Развиваш,ПЕТЪК 03.10
m_177,middle,2/3 до старта,SSI,Специална силова издръжливост,Преди обяд: 1. Ски - 2:00-2:30 ч 1-2 зона,Преди обяд: 1. Ски - {време} 1-2 зона,120.0,30.0,0.0,0.0,0.0,0.0,0.0,50.0,200.0,"{""Z1"": 120.0, ""Z2"": 30.0, ""SSI"": 50.0}",90,0.55,ски,темпова/специална издръжливост,Ноември,МИКРОЦИКЪЛ 30,ТИП НА МИКРОЦИКЪЛА: Развиваш,ЧЕТВЪРТЪК 23.02
m_025,middle,2/3 до старта,Z1,Нискоинтензивна аеробна работа,Преди обяд: 1. Колело (4:00-4:30 ч) зона 1 – равномерно каране с включени 6 х 20 сек ускорения. След обяд: 1. Стрелба от спокойно положение (техника) 1ч.,Преди обяд: 1. Колело ({време}) зона 1 – равномерно каране с включени {повторения}×{дължина} сек ускорения. След обяд: 1. Стрелба от спокойно положение (техника) {часове} ч.,210.0,60.0,0.0,2.0,0.0,0.0,0.0,0.0,272.0,"{""Z1"": 210.0, ""Z2"": 60.0, ""Z4"": 2.0}",60,0.55,колело,темпова/специална издръжливост,Май,МИКРОЦИКЪЛ 5,ТИП НА МИКРОЦИКЪЛА:,ЧЕТВЪРТЪК 05.06
m_029,middle,2/3 до старта,Z1,Нискоинтензивна аеробна работа,Преди обяд: 1. Колело (4:00-4:30 ч) зона 1 – равномерно каране с включени 6 х 20 сек ускорения. След обяд: СПА,Преди обяд: 1. Колело ({време}) зона 1 – равномерно каране с включени {повторения}×{дължина} сек ускорения. След обяд: СПА,210.0,60.0,0.0,2.0,0.0,0.0,0.0,0.0,272.0,"{""Z1"": 210.0, ""Z2"": 60.0, ""Z4"": 2.0}",60,0.55,колело,темпова/специална издръжливост,Май,МИКРОЦИКЪЛ 6,ТИП НА МИКРОЦИКЪЛА:,ЧЕТВЪРТЪК 05.06
m_035,middle,2/3 до старта,Z1,Нискоинтензивна аеробна работа,Преди обяд: 1. Колело (3:00-3:30 ч) зона 1-2 – равномерно каране с включени 6 х 20 сек ускорения.,Преди обяд: 1. Колело ({време}) зона 1-2 – равномерно каране с включени {повторения}×{дължина} сек ускорения.,150.0,60.0,0.0,2.0,0.0,0.0,0.0,0.0,212.0,"{""Z1"": 150.0, ""Z2"": 60.0, ""Z4"": 2.0}",60,0.55,колело,темпова/специална издръжливост,Юни,МИКРОЦИКЪЛ 9,ТИП НА МИКРОЦИКЪЛА: Възстановителен/поддържащ,СЪБОТА 21.06
m_043,middle,2/3 до старта,Z1,Почивка / възстановителен ден,Преди обяд: 1. Стрелба от спокойно положение - тест 2. Колело (3:00 – 3:30 ч) 1-2 зона - 1:30 ч горна граница на 2 зона (лактат около 2 ммол/л) След обяд: Почивка,Преди обяд: 1. Стрелба от спокойно положение - тест 2. Колело ({време}) 1-2 зона - {време} горна граница на 2 зона (лактат около 2 ммол/л) След обяд: Почивка,120.0,90.0,0.0,0.0,0.0,0.0,0.0,0.0,210.0,"{""Z1"": 120.0, ""Z2"": 90.0}",60,0.55,"колело,лактат",темпова/специална издръжливост,Юни,МИКРОЦИКЪЛ 11,ТИП НА МИКРОЦИКЪЛА: Развиващ,ПОНЕДЕЛНИК 30.06
m_048,middle,2/3 до старта,Z1,Почивка / възстановителен ден,Преди обяд: 1. КТ колело + тренажор (3:00 – 3:30 ч) 1-2 зона - 8 по 3 мин тренажор 1-2 зона ; - 8 по 4 км колело 1 зона; - 1:30 ч 2 зона (лактат около 2 ммол/л). След обяд: Почивка,Преди обяд: 1. КТ колело + тренажор ({време}) 1-2 зона - {повторения} по {дължина} мин тренажор 1-2 зона ; - {повторения} по {дължина} км колело 1 зона; - {време} 2 зона (лактат около 2 ммол/л). След обяд: Почивка,120.0,90.0,0.0,0.0,0.0,0.0,0.0,0.0,210.0,"{""Z1"": 120.0, ""Z2"": 90.0}",60,0.55,"колело,лактат,тренажор",темпова/специална издръжливост,Юни,МИКРОЦИКЪЛ 12,ТИП НА МИКРОЦИКЪЛА: Развиващ,ПОНЕДЕЛНИК 07.07
m_002,middle,2/3 до старта,Z3,Почивка / възстановителен ден,"Колело: 40 мин загрявка, 3 по 8-10 мин горна граница на 3 та зона през 5 мин леко каране, последни 3 мин на последната отсека в 4 та зона 2 тренировка или веднага след 1 ва та тренировка 30 мин фитнес (2-3 серии 3 упражнения за ръце, три за средна част и 2 за крака, всяко упражнение се прави по 30 сек с почивка 30 сек и 3 мин между сериите)","Колело: {мин} мин загрявка, {повторения} по {дължина} мин горна граница на 3 та зона през {мин} мин леко каране, последни {мин} мин на последната отсека в 4 та зона 2 тренировка или веднага след 1 ва та тренировка {мин} мин фитнес (2-3 серии 3 упражнения за ръце, три за средна част и 2 за крака, всяко упражнение се прави по {сек} сек с почивка {сек} сек и {мин} мин между сериите)",54.99999999999999,0.0,30.0,3.0,0.0,0.0,30.0,0.0,118.0,"{""Z1"": 55.0, ""Z3"": 30.0, ""Z4"": 3.0, ""OSI"": 30.0}",90,0.55,"колело,фитнес",темпова/специална издръжливост,АПРИЛ,МИКРОЦИКЪЛ 1,ТИП НА МИКРОЦИКЪЛА:,ВТОРНИК 29.04
m_018,middle,2/3 до старта,Z3,Почивка / възстановителен ден,"1 тренировка: Крос 1:00 ч. След първите 20 мин загрявка (Зона 1) 2 × 7 мин в долна граница на зона 3, с 5 мин леко бягане между тях Последните 10 минути леко разпускане (Зона 1) 2 тренировка: Колело 1 ч (Зона 1) След 20-та минута: 6 по 1:30 мин педалиране в горна зона 3 Почивка: 1:30 мин леко каране между повторенията","1 тренировка: Крос {време}. След първите {мин} мин загрявка (Зона 1) 2 × {мин} мин в долна граница на зона 3, с {мин} мин леко бягане между тях Последните 10 минути леко разпускане (Зона 1) 2 тренировка: Колело {часове} ч (Зона 1) След 20-та минута: 6 по {време}мин педалиране в горна зона 3 Почивка: {време}мин леко каране между повторенията",90.0,0.0,23.000000000000004,0.0,0.0,0.0,0.0,10.0,123.0,"{""Z1"": 90.0, ""Z3"": 23.0, ""SSI"": 10.0}",90,0.55,"крос,колело",темпова/специална издръжливост,АПРИЛ,МИКРОЦИКЪЛ 4,ТИП НА МИКРОЦИКЪЛА:,ЧЕТВЪРТЪК
m_021,middle,2/3 до старта,Z3,Почивка / възстановителен ден,Почивка,Почивка,300.0,90.0,23.000000000000004,4.0,2.0,0.0,60.0,12.0,491.0,"{""Z1"": 300.0, ""Z2"": 90.0, ""Z3"": 23.0, ""Z4"": 4.0, ""Z5"": 2.0, ""OSI"": 60.0, ""SSI"": 12.0}",90,0.55,,темпова/специална издръжливост,АПРИЛ,МИКРОЦИКЪЛ 4,ТИП НА МИКРОЦИКЪЛА:,НЕДЕЛЯ
m_011,middle,2/3 до старта,Z3,Темпови интервали / специална издръжливост,"1 тренировка: Крос 20 мин загрявка 3 по 7 мин в долни граници на 3 та зона през 5 мин леко бягне. Бягането е свободно в границата на устойчивото темпо, резерва след тази тренировка е възможнотта да се направят още 3 отсечки със същата скорост. 2 тренировка: 15 мин загрявка + 10-12 по 1 мин през 1 мин леко ходеня и бягане, скоростта на бързите отсечки отговаря на интензивност горна граница на 3 зона, комфортно устойчиво темпо. Резерва е равен на възможност за поддържане на тази интензивност още толкова бързи отсечки.","1 тренировка: Крос {мин} мин загрявка {повторения} по {дължина} мин в долни граници на 3 та зона през {мин} мин леко бягне. Бягането е свободно в границата на устойчивото темпо, резерва след тази тренировка е възможнотта да се направят още 3 отсечки със същата скорост. 2 тренировка: {мин} мин загрявка + 10-{повторения} по {дължина} мин през {мин} мин леко ходеня и бягане, скоростта на бързите отсечки отговаря на интензивност горна граница на 3 зона, комфортно устойчиво темпо. Резерва е равен на възможност за поддържане на тази интензивност още толкова бързи отсечки.",35.0,0.0,33.0,0.0,0.0,0.0,0.0,10.0,78.0,"{""Z1"": 35.0, ""Z3"": 33.0, ""SSI"": 10.0}",90,0.55,крос,темпова/специална издръжливост,АПРИЛ,МИКРОЦИКЪЛ 3,ТИП НА МИКРОЦИКЪЛА:,ЧЕТВЪРТЪК
m_023,middle,2/3 до старта,Z3,Темпови интервали / специална издръжливост,"Преди обяд: 1. Ролки (1:30ч) 40 мин леко + 4-5 х 8 мин зона 3 в изкачване през 2 мин леко каране След обед: 1. Стрелба от спокойно положение (техническа) 1ч. Бягане (1:00 ч), 15 мин загрявка + 10 х 2 мин зона 3 / 2 мин зона 1","Преди обяд: 1. Ролки ({време}) {мин} мин леко + 4-{повторения}×{дължина} мин зона 3 в изкачване през {мин} мин леко каране След обед: 1. Стрелба от спокойно положение (техническа) {часове} ч. Бягане ({време}), {мин} мин загрявка + {повторения}×{дължина} мин зона 3 / {мин} мин зона 1",90.0,0.0,60.0,0.0,0.0,0.0,0.0,0.0,150.0,"{""Z1"": 90.0, ""Z3"": 60.0}",90,0.55,"ролки,изкачване",темпова/специална издръжливост,Май,МИКРОЦИКЪЛ 5,ТИП НА МИКРОЦИКЪЛА:,ВТОРНИК 03.06
m_028,middle,2/3 до старта,Z3,Темпови интервали / специална издръжливост,П О Ч И В К А,П О Ч И В К А,795.0,260.0,90.0,3.0,3.0,0.0,100.0,0.0,1251.0,"{""Z1"": 795.0, ""Z2"": 260.0, ""Z3"": 90.0, ""Z4"": 3.0, ""Z5"": 3.0, ""OSI"": 100.0}",90,0.55,,темпова/специална издръжливост,Май,МИКРОЦИКЪЛ 5,ТИП НА МИКРОЦИКЪЛА:,НЕДЕЛЯ 08.06
m_033,middle,2/3 до старта,Z3,Темпови интервали / специална издръжливост,"Преди обяд: 1. Ролки (1:30ч) 30 мин леко + 3 х 10-12 мин зона 3 (лактат 3-3.5) в изкачване през 2 мин леко каране След обед: Бягане (0:45 ч), 15 мин загрявка + 10-12 х 30-40 сек зона 4 / 1 мин зона 1 (лактат до 5) - 10 мин разпускане","Преди обяд: 1. Ролки ({време}) {мин} мин леко + {повторения}×{дължина} мин зона 3 (лактат 3-3.5) в изкачване през {мин} мин леко каране След обед: Бягане ({време}), {мин} мин загрявка + 10-{повторения}×{дължина} сек зона 4 / {мин} мин зона 1 (лактат до 5) - {мин} мин разпускане",60.0,0.0,36.0,7.0,0.0,0.0,0.0,0.0,103.0,"{""Z1"": 60.0, ""Z3"": 36.0, ""Z4"": 7.0}",90,0.55,"ролки,изкачване,лактат",темпова/специална издръжливост,Юни,МИКРОЦИКЪЛ 9,ТИП НА МИКРОЦИКЪЛА: Възстановителен/поддържащ,ЧЕТВЪРТЪК 19.06
m_062,middle,2/3 до старта,Z3,Темпови интервали / специална издръжливост,Преди обяд: 1. Ролки/крос - 15 мин загрявака - 5-6 х 8 мин (ролки) или 4-5 по 8 мин (бягане) зона 3 (лактат 3-3.5) през 2 мин леко каране/бягане - 10 мин разпускане,Преди обяд: 1. Ролки/крос - {мин} мин загрявака - 5-{повторения}×{дължина} мин (ролки) или 4-{повторения} по {дължина} мин (бягане) зона 3 (лактат 3-3.5) през {мин} мин леко каране/бягане - {мин} мин разпускане,30.0,0.0,48.0,0.0,0.0,0.0,0.0,0.0,78.0,"{""Z1"": 30.0, ""Z3"": 48.0}",90,0.55,"ролки,крос,лактат",темпова/специална издръжливост,Юли,МИКРОЦИКЪЛ 15,ТИП НА МИКРОЦИКЪЛА: Възстановителен,ПЕТЪК 25.07
m_071,middle,2/3 до старта,Z3,Темпови интервали / специална издръжливост,Преди обяд: 1. КТ ролки (път) - 15 мин леко каране - 6-7 х 2/2.5 км зона 3 (лактат до 3.5) След обед: 1. Ролки ССИ - 15 мин загрявка - 2 серии по 7 х 30-40 сек зона 5 (ръце/крака)/ 1:30 мин зона 1 (лактат до 6) - 10 мин разпускане,Преди обяд: 1. КТ ролки (път) - {мин} мин леко каране - 6-7 х 2/2.5 км зона 3 (лактат до 3.5) След обед: 1. Ролки ССИ - {мин} мин загрявка - 2 серии по {повторения}×{дължина} сек зона 5 (ръце/крака)/ {време}мин зона 1 (лактат до 6) - {мин} мин разпускане,80.0,0.0,48.99999999999999,4.0,4.0,0.0,0.0,20.0,157.0,"{""Z1"": 80.0, ""Z3"": 49.0, ""Z4"": 4.0, ""Z5"": 4.0, ""SSI"": 20.0}",90,0.55,"ролки,лактат",темпова/специална издръжливост,Август,МИКРОЦИКЪЛ 17,ТИП НА МИКРОЦИКЪЛА: Развиващ,ПОНЕДЕЛНИК 11.08
m_095,middle,2/3 до старта,Z3,Темпови интервали / специална издръжливост,"Преди обяд: 1. Ролки; - 20 мин загрявка; - 5-6 по 8 мин 3 зона (до 3-3.5 лактат), през 1:30 леко каране. - 10-15 мин стречинг","Преди обяд: 1. Ролки; - {мин} мин загрявка; - 5-{повторения} по {дължина} мин 3 зона (до 3-3.5 лактат), през {време}леко каране. - {мин} мин стречинг",30.0,10.0,48.0,0.0,0.0,0.0,0.0,0.0,88.0,"{""Z1"": 30.0, ""Z2"": 10.0, ""Z3"": 48.0}",90,0.55,"ролки,лактат",темпова/специална издръжливост,Август,МИКРОЦИКЪЛ 19,ТИП НА МИКРОЦИКЪЛА: Възстановителен,НЕДЕЛЯ 28.09
m_128,middle,2/3 до старта,Z3,Темпови интервали / специална издръжливост,"Преди обяд: 1. Ролки; - 20 мин загрявка; - 5-6 по 8 мин 3 зона (до 3-3.5 лактат), през 1:30 леко каране. - 10-15 мин стречинг","Преди обяд: 1. Ролки; - {мин} мин загрявка; - 5-{повторения} по {дължина} мин 3 зона (до 3-3.5 лактат), през {време}леко каране. - {мин} мин стречинг",800.0,110.0,96.0,0.0,2.0,0.0,50.0,0.0,1058.0,"{""Z1"": 800.0, ""Z2"": 110.0, ""Z3"": 96.0, ""Z5"": 2.0, ""OSI"": 50.0}",90,0.55,"ролки,лактат",темпова/специална издръжливост,Септемрви,МИКРОЦИКЪЛ 23,ТИП НА МИКРОЦИКЪЛА: Възстановителен,НЕДЕЛЯ 28.09
m_129,middle,2/3 до старта,Z3,Темпови интервали / специална издръжливост,"Преди обяд: 1. КТ Ролки; - 15 мин загрявка; - 4 по 300 м със стрелба 3 зона. - 8 по 2/2.5 км ролбан 3 зона (до 3-3.5 лактат), първите 4 с пушки. - 10-15 мин стречинг След обяд: 1. Крос 0:50-1:00 ч. 1 зона","Преди обяд: 1. КТ Ролки; - {мин} мин загрявка; - {повторения} по {дължина} м със стрелба 3 зона. - 8 по 2/2.5 км ролбан 3 зона (до 3-3.5 лактат), първите 4 с пушки. - {мин} мин стречинг След обяд: 1. Крос {време}. 1 зона",80.0,30.0,60.0,0.0,0.0,0.0,60.0,0.0,230.0,"{""Z1"": 80.0, ""Z2"": 30.0, ""Z3"": 60.0, ""OSI"": 60.0}",90,0.55,"ролки,крос,лактат",темпова/специална издръжливост,Септемрви,МИКРОЦИКЪЛ 23,ТИП НА МИКРОЦИКЪЛА: Възстановителен,ВТОРНИК 14.10
m_143,middle,2/3 до старта,Z3,Темпови интервали / специална издръжливост,"Преди обяд: 1. Ролки: - 20 мин загрявка; - 6-7 по 8 мин 3 зона (до 3-3.5 лактат), през 1:30 леко каране. - 10-15 мин стречинг След обяд: 1. Загрявка 15 мин + Максимална сила /силова зала/ 50 мин/3 упражнения по 4 серии за горна част, 3 упражнения по 4 серии за средна част и 2 упражнения по 4 серии за долна част","Преди обяд: 1. Ролки: - {мин} мин загрявка; - 6-{повторения} по {дължина} мин 3 зона (до 3-3.5 лактат), през {време}леко каране. - {мин} мин стречинг След обяд: 1. Загрявка {мин} мин + Максимална сила /силова зала/ {мин} мин/3 упражнения по 4 серии за горна част, 3 упражнения по 4 серии за средна част и 2 упражнения по 4 серии за долна част",30.0,10.0,56.0,0.0,0.0,0.0,60.0,0.0,156.0,"{""Z1"": 30.0, ""Z2"": 10.0, ""Z3"": 56.0, ""OSI"": 60.0}",90,0.55,"ролки,силова,лактат",темпова/специална издръжливост,Октомври,МИКРОЦИКЪЛ 27,ТИП НА МИКРОЦИКЪЛА: Възстановителен/поддържащ,СЪБОТА 25.10
m_151,middle,2/3 до старта,Z3,Темпови интервали / специална издръжливост,Преди обяд: 1. Ски - 1:50-2:30 ч След обед: 1. КТ ролки (ролбан) - 15 мин загрявка - 4 по 300 м 3 зона - 7-8 х 2/2.5 км зона 3 (лактат 3.5) 15 мин разпускане-,Преди обяд: 1. Ски - {време} След обед: 1. КТ ролки (ролбан) - {мин} мин загрявка - {повторения} по {дължина} м 3 зона - 7-8 х 2/2.5 км зона 3 (лактат 3.5) {мин} мин разпускане-,150.0,30.0,56.0,0.0,0.0,0.0,0.0,50.0,286.0,"{""Z1"": 150.0, ""Z2"": 30.0, ""Z3"": 56.0, ""SSI"": 50.0}",90,0.55,"ролки,ски,лактат",темпова/специална издръжливост,Октомври,МИКРОЦИКЪЛ 28,ТИП НА МИКРОЦИКЪЛА: Възстановителен/поддържащ,ПЕТЪК 31.10
m_165,middle,2/3 до старта,Z3,Темпови интервали / специална издръжливост,"Преди обяд: 1. КТ Ски - 15 мин заграявка - 7-8 х 2 км зона 3 (лактат 3-3.5) 1:30 мин леко каране, като последната първите 4 отсечки с пушка. - 10 мин разпускане След обед: Крост - 0:40-1 ч 1 зона","Преди обяд: 1. КТ Ски - {мин} мин заграявка - 7-{повторения}×{дължина} км зона 3 (лактат 3-3.5) {време}мин леко каране, като последната първите 4 отсечки с пушка. - {мин} мин разпускане След обед: Крост - {време}-{часове} ч 1 зона",90.0,30.0,50.0,0.0,0.0,0.0,0.0,0.0,170.0,"{""Z1"": 90.0, ""Z2"": 30.0, ""Z3"": 50.0}",90,0.55,"крос,ски,лактат",темпова/специална издръжливост,Ноември,МИКРОЦИКЪЛ 29,ТИП НА МИКРОЦИКЪЛА: Развиващ,ЧЕТВЪРТЪК 13.11
m_169,middle,2/3 до старта,Z3,Темпови интервали / специална издръжливост,Преди обяд: 1. КТ Ски ...,Преди обяд: 1. КТ Ски ...,90.0,30.0,50.0,0.0,0.0,0.0,0.0,0.0,170.0,"{""Z1"": 90.0, ""Z2"": 30.0, ""Z3"": 50.0}",90,0.55,ски,темпова/специална издръжливост,Ноември,МИКРОЦИКЪЛ 30,ТИП НА МИКРОЦИКЪЛА: Развиваш,ЧЕТВЪРТЪК 13.11
m_194,middle,2/3 до старта,Z3,Темпови интервали / специална издръжливост,Преди обяд: 1. Ски ...,Преди обяд: 1. Ски ...,30.0,10.0,30.0,5.0,0.0,0.0,60.0,0.0,135.0,"{""Z1"": 30.0, ""Z2"": 10.0, ""Z3"": 30.0, ""Z4"": 5.0, ""OSI"": 60.0}",90,0.55,ски,темпова/специална издръжливост,Декември,МИКРОЦИКЪЛ 33,ТИП НА МИКРОЦИКЪЛА: Състезателен,ПОНЕДЕЛНИК 01.12
m_141,middle,2/3 до старта,Z4,Почивка / възстановителен ден,ПОЧИВКА След обяд: Церемония по случай закриването на сезона (15:00 ч),ПОЧИВКА След обяд: Церемония по случай закриването на сезона ({време}),60.0,40.0,0.0,8.0,0.0,0.0,0.0,0.0,108.0,"{""Z1"": 60.0, ""Z2"": 40.0, ""Z4"": 8.0}",90,0.55,,темпова/специална издръжливост,Октомври,МИКРОЦИКЪЛ 27,ТИП НА МИКРОЦИКЪЛА: Възстановителен/поддържащ,ЧЕТВЪРТЪК 23.10
m_004,middle,2/3 до старта,Z4,Прагови интервали / висока интензивност,"1 трени: Крос 20 мин загрявка 3 по 7 мин в 3 та зона през 2:30 мин леко бягне. Бягането е свободно в границата на устойчивото темпо, резерва след тази тренировка е възможнотта да се направят още 3 отсечки със същата скорост. 2 тренировка: 15 мин загрявка + 10 по 1 мин през 1 мин леко ходеня и бягане, скоростта на бързите отсечки отговаря на интензивност малко над 3 та зона, комфортно устойчиво темпо. Резерва е равен на възможност за поддържане на тази интензивност в още 10 такива отсечки.","1 трени: Крос {мин} мин загрявка {повторения} по {дължина} мин в 3 та зона през {време}мин леко бягне. Бягането е свободно в границата на устойчивото темпо, резерва след тази тренировка е възможнотта да се направят още 3 отсечки със същата скорост. 2 тренировка: {мин} мин загрявка + {повторения} по {дължина} мин през {мин} мин леко ходеня и бягане, скоростта на бързите отсечки отговаря на интензивност малко над 3 та зона, комфортно устойчиво темпо. Резерва е равен на възможност за поддържане на тази интензивност в още 10 такива отсечки.",35.0,0.0,20.999999999999996,10.0,0.0,0.0,0.0,0.0,66.0,"{""Z1"": 35.0, ""Z3"": 21.0, ""Z4"": 10.0}",90,0.55,крос,темпова/специална издръжливост,АПРИЛ,МИКРОЦИКЪЛ 1,ТИП НА МИКРОЦИКЪЛА:,ЧЕТВЪРТЪК 01.05
m_036,middle,2/3 до старта,Z4,Прагови интервали / висока интензивност,Преди обяд: 1. Крос (00:30 – 00:40 ч) / класика (1:00-1:10 ч) 1-2 зона,Преди обяд: 1. Крос ({време}) / класика ({време}) 1-2 зона,550.0,180.0,36.0,9.0,0.0,0.0,50.0,0.0,825.0,"{""Z1"": 550.0, ""Z2"": 180.0, ""Z3"": 36.0, ""Z4"": 9.0, ""OSI"": 50.0}",90,0.55,крос,темпова/специална издръжливост,Юни,МИКРОЦИКЪЛ 9,ТИП НА МИКРОЦИКЪЛА: Възстановителен/поддържащ,НЕДЕЛЯ 22.06
m_079,middle,2/3 до старта,Z4,Прагови интервали / висока интензивност,"Преди обяд: 1. Ролки 1:30-1:40 ч - 30 мин загравяка; - 40-50 мин 1-2 зона, като по време на каране включете 5-8 по 1 мин в 3-4 зона. - докарване до зададеното време. След обяд: 1. Силова издръжливост /силова зала/ 30 мин/3 упражнения по 2-3 серии за горна част, 3 упражнения по 2-3 серии за средна част и 2 упражнения по 2-3 серии за долна част","Преди обяд: 1. Ролки {време} - {мин} мин загравяка; - {мин} мин 1-2 зона, като по време на каране включете 5-{повторения} по {дължина} мин в 3-4 зона. - докарване до зададеното време. След обяд: 1. Силова издръжливост /силова зала/ {мин} мин/3 упражнения по 2-3 серии за горна част, 3 упражнения по 2-3 серии за средна част и 2 упражнения по 2-3 серии за долна част",60.0,40.0,0.0,8.0,0.0,0.0,30.0,0.0,138.0,"{""Z1"": 60.0, ""Z2"": 40.0, ""Z4"": 8.0, ""OSI"": 30.0}",90,0.55,"ролки,силова",темпова/специална издръжливост,Август,МИКРОЦИКЪЛ 18,ТИП НА МИКРОЦИКЪЛА: Състезателен,ВТОРНИК 19.08
m_087,middle,2/3 до старта,Z4,Прагови интервали / висока интензивност,"Преди обяд: 1. Ролки 1:30-1:40 ч - 30 мин загравяка; - 40-50 мин 1-2 зона, като по време на каране включете 6-8 по 1 мин в 3-4 зона. - докарване до зададеното време.","Преди обяд: 1. Ролки {време} - {мин} мин загравяка; - {мин} мин 1-2 зона, като по време на каране включете 6-{повторения} по {дължина} мин в 3-4 зона. - докарване до зададеното време.",60.0,40.0,0.0,8.0,0.0,0.0,0.0,0.0,108.0,"{""Z1"": 60.0, ""Z2"": 40.0, ""Z4"": 8.0}",90,0.55,ролки,темпова/специална издръжливост,Август,МИКРОЦИКЪЛ 19,ТИП НА МИКРОЦИКЪЛА: Възстановителен,ЧЕТВЪРТЪК 28.08
m_090,middle,2/3 до старта,Z4,Прагови интервали / висока интензивност,"Преди обяд: 1. Крос/класика 1:00/1:30 ч. След обяд: 1. КТ Ролки; - 15 мин загрявка; - 4 по 300 м със стрелба 3 зона. - 8 по 1.4/2.0 км ролбан 3 зона (до 3-3.5 лактат), без пушки. - 10-15 мин стречинг","Преди обяд: 1. Крос/класика {време}/{време}. След обяд: 1. КТ Ролки; - {мин} мин загрявка; - {повторения} по {дължина} м със стрелба 3 зона. - 8 по 1.4/2.0 км ролбан 3 зона (до 3-3.5 лактат), без пушки. - {мин} мин стречинг",630.0,140.0,96.0,8.0,0.0,0.0,50.0,0.0,924.0,"{""Z1"": 630.0, ""Z2"": 140.0, ""Z3"": 96.0, ""Z4"": 8.0, ""OSI"": 50.0}",90,0.55,"ролки,крос,лактат",темпова/специална издръжливост,Август,МИКРОЦИКЪЛ 19,ТИП НА МИКРОЦИКЪЛА: Възстановителен,НЕДЕЛЯ 31.08
m_144,middle,2/3 до старта,Z4,Прагови интервали / висока интензивност,Преди обяд: 1. Ролки - класика: 1:30-1:40 ч 1-2 зона,Преди обяд: 1. Ролки - класика: {време} 1-2 зона,515.0,285.0,56.0,8.0,3.0,0.0,160.0,0.0,1027.0,"{""Z1"": 515.0, ""Z2"": 285.0, ""Z3"": 56.0, ""Z4"": 8.0, ""Z5"": 3.0, ""OSI"": 160.0}",90,0.55,ролки,темпова/специална издръжливост,Октомври,МИКРОЦИКЪЛ 27,ТИП НА МИКРОЦИКЪЛА: Възстановителен/поддържащ,НЕДЕЛЯ 26.10
m_081,late,3/3 до старта,Z1,Нискоинтензивна аеробна работа,"Преди обяд: Предстартов модел: - Загрявка 15 мин; - 3 серии по 2 (2.5) км 1-2 зона, като споследния наклон до спускането - 4 зона (стрелба легнал) + 1 обиколка на стадиона - 4 зона (стрелба прав). - 10 мин разпускане","Преди обяд: Предстартов модел: - Загрявка {мин} мин; - 3 серии по 2 (2.5) км 1-2 зона, като споследния наклон до спускането - 4 зона (стрелба легнал) + 1 обиколка на стадиона - 4 зона (стрелба прав). - {мин} мин разпускане",50.0,0.0,0.0,4.0,4.0,0.0,0.0,0.0,58.0,"{""Z1"": 50.0, ""Z4"": 4.0, ""Z5"": 4.0}",60,0.65,стадион,висока интензивност/скорост/моделна работа,Август,МИКРОЦИКЪЛ 18,ТИП НА МИКРОЦИКЪЛА: Състезателен,ЧЕТВЪРТЪК 21.08
m_181,late,3/3 до старта,Z1,Нискоинтензивна аеробна работа,Преди обяд: Предстартов м...,Преди обяд: Предстартов м...,70.0,20.0,5.0,5.0,4.0,0.0,0.0,0.0,104.0,"{""Z1"": 70.0, ""Z2"": 20.0, ""Z3"": 5.0, ""Z4"": 5.0, ""Z5"": 4.0}",60,0.65,,висока интензивност/скорост/моделна работа,Ноември,МИКРОЦИКЪЛ 31,ТИП НА МИКРОЦИКЪЛА: Възстановителен,ВТОРНИК 18.11
m_196,late,3/3 до старта,Z1,Нискоинтензивна аеробна работа,Преди обяд: Предстарт...,Преди обяд: Предстарт...,40.0,20.0,5.0,5.0,4.0,0.0,0.0,0.0,74.0,"{""Z1"": 40.0, ""Z2"": 20.0, ""Z3"": 5.0, ""Z4"": 5.0, ""Z5"": 4.0}",60,0.65,,висока интензивност/скорост/моделна работа,Декември,МИКРОЦИКЪЛ 33,ТИП НА МИКРОЦИКЪЛА: Състезателен,СРЯДА 03.12
m_017,late,3/3 до старта,Z2,Основна аеробна работа,"1 тренировка: 1:30 ч колело 1-2 зона. Целта на тренировката е развитие на аеробна осново. По време на тренировката след първите 20 мин се включват 5-6 по 20 сек мощно, но контролирано педалиране.","1 тренировка: {време} колело 1-2 зона. Целта на тренировката е развитие на аеробна осново. По време на тренировката след първите {мин} мин се включват 5-{повторения} по {дължина} сек мощно, но контролирано педалиране.",30.0,70.0,0.0,2.0,0.0,0.0,0.0,0.0,102.0,"{""Z1"": 30.0, ""Z2"": 70.0, ""Z4"": 2.0}",80,0.65,колело,висока интензивност/скорост/моделна работа,АПРИЛ,МИКРОЦИКЪЛ 4,ТИП НА МИКРОЦИКЪЛА:,СРЯДА
m_026,late,3/3 до старта,Z3,Темпови интервали / специална издръжливост,"Преди обяд: Ролки (1:30-1:40ч) - Загрявка: 40 мин - 3 х 15 сек ускорения - Основна част: 4-5 х 6 мин в зона 3(общо 24-30 мин) през леко каране (връщане до старта) зона 1, - 10 мин разпускане След обяд: 1. Стрелба от спокойно положение (техника) 1ч 2. Ролки (класика) 1:20-1:30ч в 1ва зона","Преди обяд: Ролки ({време}) - Загрявка: {мин} мин - {повторения}×{дължина} сек ускорения - Основна част: 4-{повторения}×{дължина} мин в зона 3(общо {мин} мин) през леко каране (връщане до старта) зона 1, - {мин} мин разпускане След обяд: 1. Стрелба от спокойно положение (техника) {часове} ч 2. Ролки (класика) {време} в 1ва зона",150.0,0.0,30.0,1.0,0.0,0.0,0.0,0.0,181.0,"{""Z1"": 150.0, ""Z3"": 30.0, ""Z4"": 1.0}",90,0.65,ролки,висока интензивност/скорост/моделна работа,Май,МИКРОЦИКЪЛ 5,ТИП НА МИКРОЦИКЪЛА:,ПЕТЪК 06.06
m_136,late,3/3 до старта,Z4,Почивка / възстановителен ден,Преди обяд: 1. Крос 1:45-2:00 ч 1-2 зона + тренажор 8 по 3 минпрез 1 мин почивка,Преди обяд: 1. Крос {време} 1-2 зона + тренажор 8 по 3 минпрез {мин} мин почивка,830.0,219.99999999999997,56.0,31.999999999999996,0.0,0.0,110.00000000000001,50.0,1298.0,"{""Z1"": 830.0, ""Z2"": 220.0, ""Z3"": 56.0, ""Z4"": 32.0, ""OSI"": 110.0, ""SSI"": 50.0}",90,0.65,"крос,тренажор",висока интензивност/скорост/моделна работа,Септемрви,МИКРОЦИКЪЛ 24,ТИП НА МИКРОЦИКЪЛА: Развиващ,НЕДЕЛЯ 05.10
m_038,late,3/3 до старта,Z4,Прагови интервали / висока интензивност,"След обед: Ролки (1:20-30 ч), 30 мин загрявка + 10-12 х 2 мин зона 4 (лактат до 4)/ 1:30 мин зона 1 - 10 мин разпускане","След обед: Ролки ({време}-{часове} ч), {мин} мин загрявка + 10-{повторения}×{дължина} мин зона 4 (лактат до 4)/ {време}мин зона {мин} мин разпускане",65.0,0.0,0.0,24.0,0.0,0.0,0.0,0.0,89.0,"{""Z1"": 65.0, ""Z4"": 24.0}",90,0.65,"ролки,лактат",висока интензивност/скорост/моделна работа,Юни,МИКРОЦИКЪЛ 10,ТИП НА МИКРОЦИКЪЛА: Възстановителен/поддържащ,ВТОРНИК 24.06
m_059,late,3/3 до старта,Z4,Прагови интервали / висока интензивност,Преди обяд: 1. Интервално бягане ...,Преди обяд: 1. Интервално бягане ...,60.0,0.0,10.0,12.0,0.0,0.0,0.0,0.0,82.0,"{""Z1"": 60.0, ""Z3"": 10.0, ""Z4"": 12.0}",90,0.65,,висока интензивност/скорост/моделна работа,Юли,МИКРОЦИКЪЛ 15,ТИП НА МИКРОЦИКЪЛА: Възстановителен,ВТОРНИК 22.07
m_063,late,3/3 до старта,Z4,Прагови интервали / висока интензивност,Пътуване за Белмекен След обяд: Ролки 1:20-1:30 ч 1-2 зона,Пътуване за Белмекен След обяд: Ролки {време} 1-2 зона,420.0,130.0,57.99999999999999,12.0,3.0,0.0,120.0,22.0,765.0,"{""Z1"": 420.0, ""Z2"": 130.0, ""Z3"": 58.0, ""Z4"": 12.0, ""Z5"": 3.0, ""OSI"": 120.0, ""SSI"": 22.0}",90,0.65,ролки,висока интензивност/скорост/моделна работа,Юли,МИКРОЦИКЪЛ 15,ТИП НА МИКРОЦИКЪЛА: Възстановителен,НЕДЕЛЯ 27.07
m_065,late,3/3 до старта,Z4,Прагови интервали / висока интензивност,Преди обяд: 1. КТ Ролки; ...,Преди обяд: 1. КТ Ролки; ...,54.99999999999999,0.0,35.0,27.0,0.0,0.0,0.0,0.0,117.0,"{""Z1"": 55.0, ""Z3"": 35.0, ""Z4"": 27.0}",90,0.65,ролки,висока интензивност/скорост/моделна работа,Юли,МИКРОЦИКЪЛ 16,ТИП НА МИКРОЦИКЪЛА: Развиващ,ВТОРНИК 29.07
m_096,late,3/3 до старта,Z4,Прагови интервали / висока интензивност,Преди обяд: 1. Интервална тренировка на бягане (стадион) - 15 мин загрявка - 10-12 х 400 м 4 зона през 1 мин зона 1 (лактат до 4) - 10 мин разпускане,Преди обяд: 1. Интервална тренировка на бягане (стадион) - {мин} мин загрявка - 10-{повторения}×{дължина} м 4 зона през {мин} мин зона 1 (лактат до 4) - {мин} мин разпускане,40.0,0.0,0.0,12.0,0.0,0.0,0.0,0.0,52.0,"{""Z1"": 40.0, ""Z4"": 12.0}",90,0.65,"стадион,лактат",висока интензивност/скорост/моделна работа,Август,МИКРОЦИКЪЛ 19,ТИП НА МИКРОЦИКЪЛА: Възстановителен,ПОНЕДЕЛНИК 29.09
m_098,late,3/3 до старта,Z4,Прагови интервали / висока интензивност,Пътуване за Банско,Пътуване за Банско,560.0,170.0,48.0,12.0,2.0,0.0,100.0,0.0,892.0,"{""Z1"": 560.0, ""Z2"": 170.0, ""Z3"": 48.0, ""Z4"": 12.0, ""Z5"": 2.0, ""OSI"": 100.0}",90,0.65,,висока интензивност/скорост/моделна работа,Август,МИКРОЦИКЪЛ 19,ТИП НА МИКРОЦИКЪЛА: Възстановителен,ЧЕТВЪРТЪК 02.09
m_100,late,3/3 до старта,Z4,Прагови интервали / висока интензивност,Преди обяд: 1. Ролки изкачване; - 15 мин загрявка; - 5-7 по 8 мин 3 зона (лактат до 3.5); - 10 мин разпускане След обяд: 1. КТ ролки (ролбан) - 15 мин загрявка - 4 х 2/2.5 км + 300 м зад стрелбището 1 мин 4 зона 45/60 сек 1 зона (лактат до 3.5) - 10 мин разпускане,Преди обяд: 1. Ролки изкачване; - {мин} мин загрявка; - 5-{повторения} по {дължина} мин 3 зона (лактат до 3.5); - {мин} мин разпускане След обяд: 1. КТ ролки (ролбан) - {мин} мин загрявка - 4 х 2/2.5 км + 300 м зад стрелбището {мин} мин 4 зона 45/{сек} сек 1 зона (лактат до 3.5) - {мин} мин разпускане,70.0,20.0,56.0,20.0,0.0,0.0,0.0,0.0,166.0,"{""Z1"": 70.0, ""Z2"": 20.0, ""Z3"": 56.0, ""Z4"": 20.0}",90,0.65,"ролки,изкачване,лактат",висока интензивност/скорост/моделна работа,Август,МИКРОЦИКЪЛ 20,ТИП НА МИКРОЦИКЪЛА: Развиващ,ВТОРНИК 02.09
m_113,late,3/3 до старта,Z4,Прагови интервали / висока интензивност,Преди обяд: 1. Ролки - 15 мин леко каране - 5-7 х 8 мин зона 3 (лактат 3-3.5) в изкачване през 2 мин леко каране - 10 мин разпускане След обед: 1. КТ ролбан - ССИ - 15 мин загрявка - 2 по 2.4 км ръце + 400 м смесено - 2 по 2.4 км крака + 400 м смесено - 10 мин разпускане,Преди обяд: 1. Ролки - {мин} мин леко каране - 5-{повторения}×{дължина} мин зона 3 (лактат 3-3.5) в изкачване през {мин} мин леко каране - {мин} мин разпускане След обед: 1. КТ ролбан - ССИ - {мин} мин загрявка - 2 по 2.4 км ръце + 400 м смесено - 2 по 2.4 км крака + 400 м смесено - {мин} мин разпускане,60.0,20.0,60.0,20.0,0.0,0.0,0.0,20.0,180.0,"{""Z1"": 60.0, ""Z2"": 20.0, ""Z3"": 60.0, ""Z4"": 20.0, ""SSI"": 20.0}",90,0.65,"ролки,изкачване,лактат",висока интензивност/скорост/моделна работа,Септемрви,МИКРОЦИКЪЛ 22,ТИП НА МИКРОЦИКЪЛА: Развиваш,СРЯДА 17.09
m_116,late,3/3 до старта,Z4,Прагови интервали / висока интензивност,Преди обяд: 1. КТ Ролки ролбан; - 15 мин загрявка; - 4 по 400 м със стрелба 3 зона. - 5-7 по 2400 м 3 зона (лактат до 3.5) След обед: 1. Интервална тренировка на бягане (стадион) - 15 мин загрявка - 10-12 х 400 м 4 зона през 1 мин зона 1 (лактат до 4) - 10 мин разпускане,Преди обяд: 1. КТ Ролки ролбан; - {мин} мин загрявка; - {повторения} по {дължина} м със стрелба 3 зона. - 5-7 по 2400 м 3 зона (лактат до 3.5) След обед: 1. Интервална тренировка на бягане (стадион) - {мин} мин загрявка - 10-{повторения}×{дължина} м 4 зона през {мин} мин зона 1 (лактат до 4) - {мин} мин разпускане,705.0,160.0,169.99999999999997,60.0,3.0,0.0,110.00000000000001,20.0,1228.0,"{""Z1"": 705.0, ""Z2"": 160.0, ""Z3"": 170.0, ""Z4"": 60.0, ""Z5"": 3.0, ""OSI"": 110.0, ""SSI"": 20.0}",90,0.65,"ролки,стадион,лактат",висока интензивност/скорост/моделна работа,Септемрви,МИКРОЦИКЪЛ 22,ТИП НА МИКРОЦИКЪЛА: Развиваш,НЕДЕЛЯ 21.09
m_123,late,3/3 до старта,Z4,Прагови интервали / висока интензивност,След обяд: 1. КТ ролки (ролбан) - 15 мин загрявка - 4 х 2/2.5 км + 300 м зад стрелбището 1 мин 4 зона 45/60 сек 1 зона (лактат до 4) - 10 мин разпускане,След обяд: 1. КТ ролки (ролбан) - {мин} мин загрявка - 4 х 2/2.5 км + 300 м зад стрелбището {мин} мин 4 зона 45/{сек} сек 1 зона (лактат до 4) - {мин} мин разпускане,40.0,0.0,0.0,20.0,0.0,0.0,0.0,0.0,60.0,"{""Z1"": 40.0, ""Z4"": 20.0}",90,0.65,"ролки,лактат",висока интензивност/скорост/моделна работа,Септемрви,МИКРОЦИКЪЛ 22,ТИП НА МИКРОЦИКЪЛА: Развиваш,ПЕТЪК 10.10
m_147,late,3/3 до старта,Z4,Прагови интервали / висока интензивност,Преди обяд: 1. Интервална тренировка на бягане (стадион) - 15 мин загрявка - 10-14 х 400 м 4 зона през 1 мин зона 1 (лактат до 4) - 10 мин разпускане,Преди обяд: 1. Интервална тренировка на бягане (стадион) - {мин} мин загрявка - 10-{повторения}×{дължина} м 4 зона през {мин} мин зона 1 (лактат до 4) - {мин} мин разпускане,40.0,0.0,0.0,14.0,0.0,0.0,0.0,0.0,54.0,"{""Z1"": 40.0, ""Z4"": 14.0}",90,0.65,"стадион,лактат",висока интензивност/скорост/моделна работа,Октомври,МИКРОЦИКЪЛ 27,ТИП НА МИКРОЦИКЪЛА: Възстановителен/поддържащ,ПОНЕДЕЛНИК 27.10
m_148,late,3/3 до старта,Z4,Прагови интервали / висока интензивност,Преди обяд: по желание лек крос След обяд: Пътуване за Австрия,Преди обяд: по желание лек крос След обяд: Пътуване за Австрия,504.99999999999994,235.0,56.0,14.0,3.0,0.0,160.0,0.0,973.0,"{""Z1"": 505.0, ""Z2"": 235.0, ""Z3"": 56.0, ""Z4"": 14.0, ""Z5"": 3.0, ""OSI"": 160.0}",90,0.65,крос,висока интензивност/скорост/моделна работа,Октомври,МИКРОЦИКЪЛ 27,ТИП НА МИКРОЦИКЪЛА: Възстановителен/поддържащ,ВТОРНИК 28.10
m_162,late,3/3 до старта,Z4,Прагови интервали / висока интензивност,Преди обяд: 1. КТ Ски ...,Преди обяд: 1. КТ Ски ...,90.0,0.0,50.0,12.0,0.0,0.0,0.0,0.0,152.0,"{""Z1"": 90.0, ""Z3"": 50.0, ""Z4"": 12.0}",90,0.65,ски,висока интензивност/скорост/моделна работа,Ноември,МИКРОЦИКЪЛ 29,ТИП НА МИКРОЦИКЪЛА: Развиващ,ПОНЕДЕЛНИК 10.11
m_171,late,3/3 до старта,Z4,Прагови интервали / висока интензивност,Преди обяд: 1. КТ Ски ...,Преди обяд: 1. КТ Ски ...,80.0,0.0,60.0,20.0,0.0,0.0,0.0,0.0,160.0,"{""Z1"": 80.0, ""Z3"": 60.0, ""Z4"": 20.0}",90,0.65,ски,висока интензивност/скорост/моделна работа,Ноември,МИКРОЦИКЪЛ 30,ТИП НА МИКРОЦИКЪЛА: Развиваш,ПОНЕДЕЛНИК 16.02
m_174,late,3/3 до старта,Z4,Прагови интервали / висока интензивност,"Преди обяд: 1. КТ Ски - 15 мин заграявка - 4 по 500 м вработване, ЛПЛП - 3-4 серии х (3 км стрелба леганл, 150 м стрелба прав зона 3 (лактат 3-3.5), като първите 2 обиколки се правят с пушки. - 10 мин разпускане След обед: 1. Ски - 15 мин загрявка - 30 мин 40/50 сек бързон през 30 сек бавно при целеви лактат 3.5 - 10 мин разпускане","Преди обяд: 1. КТ Ски - {мин} мин заграявка - {повторения} по {дължина} м вработване, ЛПЛП - 3-4 серии х (3 км стрелба леганл, 150 м стрелба прав зона 3 (лактат 3-3.5), като първите 2 обиколки се правят с пушки. - {мин} мин разпускане След обед: 1. Ски - {мин} мин загрявка - {мин} мин 40/{сек} сек бързон през {сек} сек бавно при целеви лактат {мин} мин разпускане",80.0,0.0,60.0,20.0,0.0,0.0,0.0,0.0,160.0,"{""Z1"": 80.0, ""Z3"": 60.0, ""Z4"": 20.0}",90,0.65,"ски,лактат",висока интензивност/скорост/моделна работа,Ноември,МИКРОЦИКЪЛ 30,ТИП НА МИКРОЦИКЪЛА: Развиваш,ЧЕТВЪРТЪК 19.02
m_186,late,3/3 до старта,Z4,Прагови интервали / висока интензивност,Преди обяд: 1. КТ Ски ...,Преди обяд: 1. КТ Ски ...,90.0,0.0,45.0,16.0,0.0,0.0,0.0,0.0,151.0,"{""Z1"": 90.0, ""Z3"": 45.0, ""Z4"": 16.0}",90,0.65,ски,висока интензивност/скорост/моделна работа,Ноември,МИКРОЦИКЪЛ 32,ТИП НА МИКРОЦИКЪЛА: Развиващ,ПОНЕДЕЛНИК 24.11
m_189,late,3/3 до старта,Z4,Прагови интервали / висока интензивност,"Преди обяд: 1. Ролки или крос; - 15 мин загрявка; - 6 по 7-8 мин 3-4 зона, като се редуват 3 зона (до 3-3.5 лактат) след което 4 зона (5-6 лактат), през 3 мин леко каране/бягане между отсечките. Ако се прави на крос: 4 отсечки по 7-8 мин. - 10-15 мин стречинг","Преди обяд: 1. Ролки или крос; - {мин} мин загрявка; - {повторения} по {дължина} мин 3-4 зона, като се редуват 3 зона (до 3-3.5 лактат) след което 4 зона (5-6 лактат), през {мин} мин леко каране/бягане между отсечките. Ако се прави на крос: 4 отсечки по {мин} мин. - {мин} мин стречинг",30.0,10.0,24.0,24.0,0.0,0.0,0.0,0.0,88.0,"{""Z1"": 30.0, ""Z2"": 10.0, ""Z3"": 24.0, ""Z4"": 24.0}",90,0.65,"ролки,крос,лактат",висока интензивност/скорост/моделна работа,Ноември,МИКРОЦИКЪЛ 32,ТИП НА МИКРОЦИКЪЛА: Развиващ,ПЕТЪК 28.11
m_191,late,3/3 до старта,Z4,Прагови интервали / висока интензивност,Преди обяд: Пътуване за Австрия След обяд: 1:20 ч. Крос/ски,Преди обяд: Пътуване за Австрия След обяд: {време}. Крос/ски,349.99999999999994,159.99999999999997,69.0,40.0,3.0,0.0,100.0,0.0,722.0,"{""Z1"": 350.0, ""Z2"": 160.0, ""Z3"": 69.0, ""Z4"": 40.0, ""Z5"": 3.0, ""OSI"": 100.0}",90,0.65,"крос,ски",висока интензивност/скорост/моделна работа,Ноември,МИКРОЦИКЪЛ 32,ТИП НА МИКРОЦИКЪЛА: Развиващ,НЕДЕЛЯ 30.11
m_042,late,3/3 до старта,Z5,VO₂max / високoинтензивни интервали,"Преди обяд: 1. Лактатен тест на ролки за определяне на 1, 2 и 3 зона (5-6 по 4 км) 2. КТ 10-12 по 600 м 1-2 зона След обед: 1. Интервална тренировка на бягане (стадион) - 15 мин загрявка - 8-12 х 400 м 4 зона през 200 м зона 1 (лактат до 4) - 10 мин разпускане","Преди обяд: 1. Лактатен тест на ролки за определяне на 1, 2 и 3 зона (5-{повторения} по {дължина} км) 2. КТ 10-{повторения} по {дължина} м 1-2 зона След обед: 1. Интервална тренировка на бягане (стадион) - {мин} мин загрявка - 8-{повторения}×{дължина} м 4 зона през 200 м зона 1 (лактат до 4) - {мин} мин разпускане",472.00000000000006,234.0,113.99999999999999,58.0,9.0,0.0,100.0,0.0,987.0,"{""Z1"": 472.0, ""Z2"": 234.0, ""Z3"": 114.0, ""Z4"": 58.0, ""Z5"": 9.0, ""OSI"": 100.0}",90,0.65,"ролки,стадион,лактат",висока интензивност/скорост/моделна работа,Юни,МИКРОЦИКЪЛ 10,ТИП НА МИКРОЦИКЪЛА: Възстановителен/поддържащ,НЕДЕЛЯ 29.06
m_045,late,3/3 до старта,Z5,VO₂max / високoинтензивни интервали,Преди обяд: 1. Ролки - 15 мин леко каране - 5-6 х 8 мин зона 3 (лактат 3-3.5) в изкачване през 2 мин леко каране 2. КТ ролки 12 по 600м 1 зона След обед: 1. Ролки ССИ - 15 мин загрявка - 8-10 х 40 сек зона 5 (ръце/крака)/ 1:30 мин зона 1 (лактат до 6) - 10 мин разпускане,Преди обяд: 1. Ролки - {мин} мин леко каране - 5-{повторения}×{дължина} мин зона 3 (лактат 3-3.5) в изкачване през {мин} мин леко каране 2. КТ ролки {повторения} по {дължина} м 1 зона След обед: 1. Ролки ССИ - {мин} мин загрявка - 8-{повторения}×{дължина} сек зона 5 (ръце/крака)/ {време}мин зона 1 (лактат до 6) - {мин} мин разпускане,99.99999999999999,20.0,48.0,0.0,6.0,0.0,0.0,22.0,196.0,"{""Z1"": 100.0, ""Z2"": 20.0, ""Z3"": 48.0, ""Z5"": 6.0, ""SSI"": 22.0}",90,0.65,"ролки,изкачване,лактат",висока интензивност/скорост/моделна работа,Юни,МИКРОЦИКЪЛ 11,ТИП НА МИКРОЦИКЪЛА: Развиващ,СРЯДА 02.07
m_047,late,3/3 до старта,Z5,VO₂max / високoинтензивни интервали,Преди обяд: 1. КТ Ролки; - 15 мин загрявка; - 7-8 по 2400 м ролбан - мъже; - 6-7 по 2200 м по пътя - жени; - 4-6 по 500 м със стрелба 1 зона. След обед: 1. Интервална тренировка на бягане (стадион) - 15 мин загрявка - 8-12 х 400 м 4 зона през 200 м зона 1 (лактат до 4) - 10 мин разпускане,Преди обяд: 1. КТ Ролки; - {мин} мин загрявка; - 7-8 по 2400 м ролбан - мъже; - 6-7 по 2200 м по пътя - жени; - 4-{повторения} по {дължина} м със стрелба 1 зона. След обед: 1. Интервална тренировка на бягане (стадион) - {мин} мин загрявка - 8-{повторения}×{дължина} м 4 зона през 200 м зона 1 (лактат до 4) - {мин} мин разпускане,680.0,350.0,188.0,30.0,10.0,0.0,100.0,22.0,1380.0,"{""Z1"": 680.0, ""Z2"": 350.0, ""Z3"": 188.0, ""Z4"": 30.0, ""Z5"": 10.0, ""OSI"": 100.0, ""SSI"": 22.0}",90,0.65,"ролки,стадион,лактат",висока интензивност/скорост/моделна работа,Юни,МИКРОЦИКЪЛ 11,ТИП НА МИКРОЦИКЪЛА: Развиващ,НЕДЕЛЯ 06.07
m_049,late,3/3 до старта,Z5,VO₂max / високoинтензивни интервали,Преди обяд: 1. Ролки - 15 мин леко каране - 5-6 х 8 мин зона 3 (лактат 3-3.5) в изкачване през 2 мин леко каране 2. КТ ролки 12 по 600м 1 зона След обед: 1. Ролки ССИ - 15 мин загрявка - 12 х 1 мин зона 5 (ръце/крака)/ 1:30 мин зона 1 (лактат до 6) - 10 мин разпускане,Преди обяд: 1. Ролки - {мин} мин леко каране - 5-{повторения}×{дължина} мин зона 3 (лактат 3-3.5) в изкачване през {мин} мин леко каране 2. КТ ролки {повторения} по {дължина} м 1 зона След обед: 1. Ролки ССИ - {мин} мин загрявка - {повторения}×{дължина} мин зона 5 (ръце/крака)/ {време}мин зона 1 (лактат до 6) - {мин} мин разпускане,99.99999999999999,20.0,48.0,6.0,6.0,0.0,0.0,22.0,202.0,"{""Z1"": 100.0, ""Z2"": 20.0, ""Z3"": 48.0, ""Z4"": 6.0, ""Z5"": 6.0, ""SSI"": 22.0}",90,0.65,"ролки,изкачване,лактат",висока интензивност/скорост/моделна работа,Юни,МИКРОЦИКЪЛ 12,ТИП НА МИКРОЦИКЪЛА: Развиващ,СРЯДА 09.07
m_052,late,3/3 до старта,Z5,VO₂max / високoинтензивни интервали,Преди обяд: 1. Ролки ...,Преди обяд: 1. Ролки ...,99.99999999999999,20.0,48.0,0.0,6.0,0.0,0.0,22.0,196.0,"{""Z1"": 100.0, ""Z2"": 20.0, ""Z3"": 48.0, ""Z5"": 6.0, ""SSI"": 22.0}",90,0.65,ролки,висока интензивност/скорост/моделна работа,Юли,МИКРОЦИКЪЛ 13,ТИП НА МИКРОЦИКЪЛА: Развиващ,СРЯДА 09.07
m_055,late,3/3 до старта,Z5,VO₂max / високoинтензивни интервали,"Преди обяд: Тест на ролки - крака, смесено, ръце - 20 мин загрявака ...","Преди обяд: Тест на ролки - крака, смесено, ръце - {мин} мин загрявака ...",99.99999999999999,20.0,48.0,6.0,8.0,0.0,0.0,22.0,204.0,"{""Z1"": 100.0, ""Z2"": 20.0, ""Z3"": 48.0, ""Z4"": 6.0, ""Z5"": 8.0, ""SSI"": 22.0}",90,0.65,ролки,висока интензивност/скорост/моделна работа,Юли,МИКРОЦИКЪЛ 14,ТИП НА МИКРОЦИКЪЛА: Развиващ,СРЯДА 16.07
m_057,late,3/3 до старта,Z5,VO₂max / високoинтензивни интервали,П О Ч И В К А,П О Ч И В К А,520.0,270.0,48.0,6.0,11.0,0.0,50.0,22.0,927.0,"{""Z1"": 520.0, ""Z2"": 270.0, ""Z3"": 48.0, ""Z4"": 6.0, ""Z5"": 11.0, ""OSI"": 50.0, ""SSI"": 22.0}",90,0.65,,висока интензивност/скорост/моделна работа,Юли,МИКРОЦИКЪЛ 14,ТИП НА МИКРОЦИКЪЛА: Развиващ,НЕДЕЛЯ 20.07
m_068,late,3/3 до старта,Z5,VO₂max / високoинтензивни интервали,Преди обяд: 1. КТ ролки (път) - 15 мин леко каране - 6-7 х 2/2.5 км зона 3 (лактат 4-4.5) След обед: 1. Ролки ССИ - 15 мин загрявка - 2 серии по 6-7 х 30-40 сек зона 5 (ръце/крака)/ 1:30 мин зона 1 (лактат до 6) - 10 мин разпускане,Преди обяд: 1. КТ ролки (път) - {мин} мин леко каране - 6-7 х 2/2.5 км зона 3 (лактат 4-4.5) След обед: 1. Ролки ССИ - {мин} мин загрявка - 2 серии по 6-{повторения}×{дължина} сек зона 5 (ръце/крака)/ {време}мин зона 1 (лактат до 6) - {мин} мин разпускане,60.0,0.0,35.0,20.0,8.0,0.0,0.0,50.0,173.0,"{""Z1"": 60.0, ""Z3"": 35.0, ""Z4"": 20.0, ""Z5"": 8.0, ""SSI"": 50.0}",90,0.65,"ролки,лактат",висока интензивност/скорост/моделна работа,Юли,МИКРОЦИКЪЛ 16,ТИП НА МИКРОЦИКЪЛА: Развиващ,ПЕТЪК 01.08
m_070,late,3/3 до старта,Z5,VO₂max / високoинтензивни интервали,П О Ч И В К А,П О Ч И В К А,475.0,290.0,70.0,46.99999999999999,12.0,0.0,120.0,50.0,1064.0,"{""Z1"": 475.0, ""Z2"": 290.0, ""Z3"": 70.0, ""Z4"": 47.0, ""Z5"": 12.0, ""OSI"": 120.0, ""SSI"": 50.0}",90,0.65,,висока интензивност/скорост/моделна работа,Юли,МИКРОЦИКЪЛ 16,ТИП НА МИКРОЦИКЪЛА: Развиващ,НЕДЕЛЯ 03.08
m_074,late,3/3 до старта,Z5,VO₂max / високoинтензивни интервали,Преди обяд: 1. КТ предстартов модел - ролки - 15 мин загрявака час; - 2 по 600 м + 2200/2650 м - 4-5 зона След обяд: 1. Крос/класика - 30/50 мин 1 зона,Преди обяд: 1. КТ предстартов модел - ролки - {мин} мин загрявака час; - {повторения} по {дължина} м + 2200/2650 м - 4-5 зона След обяд: 1. Крос/класика - 30/{мин} мин 1 зона,80.0,0.0,0.0,4.0,6.0,0.0,0.0,0.0,90.0,"{""Z1"": 80.0, ""Z4"": 4.0, ""Z5"": 6.0}",90,0.65,"ролки,крос",висока интензивност/скорост/моделна работа,Август,МИКРОЦИКЪЛ 17,ТИП НА МИКРОЦИКЪЛА: Развиващ,ЧЕТВЪРТЪК 14.08
m_075,late,3/3 до старта,Z5,VO₂max / високoинтензивни интервали,"Преди обяд: 1. Контролен старт СПРИНТ - ролки (път) - 7 км жени, 8 км мъже След обед: 1. Спортна игра","Преди обяд: 1. Контролен старт СПРИНТ - ролки (път) - 7 км жени, 8 км мъже След обед: 1. Спортна игра",60.0,0.0,0.0,7.0,18.0,0.0,0.0,0.0,85.0,"{""Z1"": 60.0, ""Z4"": 7.0, ""Z5"": 18.0}",90,0.65,"ролки,спринт",висока интензивност/скорост/моделна работа,Август,МИКРОЦИКЪЛ 17,ТИП НА МИКРОЦИКЪЛА: Развиващ,ПЕТЪК 15.08
m_077,late,3/3 до старта,Z5,VO₂max / високoинтензивни интервали,"Преди обяд: 1. КТ ролки - щафети - 40 мин 2. Силова издръжливост /силова зала/ 50 мин/3 упражнения по 4 серии за горна част, 3 упражнения по 4 серии за средна част и 2 упражнения по 4 серии за долна част","Преди обяд: 1. КТ ролки - щафети - {мин} мин 2. Силова издръжливост /силова зала/ {мин} мин/3 упражнения по 4 серии за горна част, 3 упражнения по 4 серии за средна част и 2 упражнения по 4 серии за долна част",605.0,140.0,48.99999999999999,15.000000000000002,28.0,0.0,180.0,20.0,1037.0,"{""Z1"": 605.0, ""Z2"": 140.0, ""Z3"": 49.0, ""Z4"": 15.0, ""Z5"": 28.0, ""OSI"": 180.0, ""SSI"": 20.0}",90,0.65,"ролки,силова",висока интензивност/скорост/моделна работа,Август,МИКРОЦИКЪЛ 17,ТИП НА МИКРОЦИКЪЛА: Развиващ,НЕДЕЛЯ 17.08
m_082,late,3/3 до старта,Z5,VO₂max / високoинтензивни интервали,Държавно лятно първенство - СПРИНТ 6 км/7.5 км,Държавно лятно първенство - СПРИНТ 6 км/7.5 км,60.0,0.0,10.0,10.0,15.0,0.0,0.0,0.0,95.0,"{""Z1"": 60.0, ""Z3"": 10.0, ""Z4"": 10.0, ""Z5"": 15.0}",90,0.65,спринт,висока интензивност/скорост/моделна работа,Август,МИКРОЦИКЪЛ 18,ТИП НА МИКРОЦИКЪЛА: Състезателен,ПЕТЪК 22.08
m_083,late,3/3 до старта,Z5,VO₂max / високoинтензивни интервали,Държавно лятно първенство - КЪСО ИНДИВИДУАЛНО 10 км/12.5 км,Държавно лятно първенство - КЪСО ИНДИВИДУАЛНО 10 км/12.5 км,60.0,0.0,10.0,15.0,15.0,0.0,0.0,0.0,100.0,"{""Z1"": 60.0, ""Z3"": 10.0, ""Z4"": 15.0, ""Z5"": 15.0}",90,0.65,,висока интензивност/скорост/моделна работа,Август,МИКРОЦИКЪЛ 18,ТИП НА МИКРОЦИКЪЛА: Състезателен,СЪБОТА 23.08
m_084,late,3/3 до старта,Z5,VO₂max / високoинтензивни интервали,Държавно лятно първенство - СПРИНТ 6 км/7.5 км,Държавно лятно първенство - СПРИНТ 6 км/7.5 км,419.99999999999994,40.0,40.0,67.0,54.0,0.0,30.0,0.0,651.0,"{""Z1"": 420.0, ""Z2"": 40.0, ""Z3"": 40.0, ""Z4"": 67.0, ""Z5"": 54.0, ""OSI"": 30.0}",90,0.65,спринт,висока интензивност/скорост/моделна работа,Август,МИКРОЦИКЪЛ 18,ТИП НА МИКРОЦИКЪЛА: Състезателен,НЕДЕЛЯ 24.08
m_103,late,3/3 до старта,Z5,VO₂max / високoинтензивни интервали,Преди обяд: 1. КТ ролки (ролбан) - 15 мин загрявка - 4 по 300 м 3 зона - 8 х 2/2.5 км зона 3 (лактат 3.5) След обед: 1. Ролки ССИ - 15 мин загрявка - 2 серии по 5 х 30-40 сек зона 5 (ръце/крака)/ 1:00 мин зона 1 - 10 мин разпускане,Преди обяд: 1. КТ ролки (ролбан) - {мин} мин загрявка - {повторения} по {дължина} м 3 зона - 8 х 2/2.5 км зона 3 (лактат 3.5) След обед: 1. Ролки ССИ - {мин} мин загрявка - 2 серии по {повторения}×{дължина} сек зона 5 (ръце/крака)/ {време}мин зона {мин} мин разпускане,60.0,50.0,56.0,10.0,10.0,0.0,0.0,50.0,236.0,"{""Z1"": 60.0, ""Z2"": 50.0, ""Z3"": 56.0, ""Z4"": 10.0, ""Z5"": 10.0, ""SSI"": 50.0}",90,0.65,"ролки,лактат",висока интензивност/скорост/моделна работа,Август,МИКРОЦИКЪЛ 20,ТИП НА МИКРОЦИКЪЛА: Развиващ,ПЕТЪК 05.09
m_110,late,3/3 до старта,Z5,VO₂max / високoинтензивни интервали,"Преди обяд: 1. Ролки - КТ ролбан 1-2 зона 5 по 2/2.5 км + 500 м зад стрелбището - 2 серии 5 по 15 сек отсечки през 2 мин и 5 мин между сериите - 10 мин докарване След обяд: 1. 30-40 мин бягане крос - Тест ръце тренажор Ercolina - 3 мин и 15 сек максимално + Силова издръжливост /силова зала/ 50 мин/3 упражнения по 3 серии за горна част, 3 упражнения по 3 серии за средна част и 2 упражнения по 3 серии за долна част","Преди обяд: 1. Ролки - КТ ролбан 1-2 зона 5 по 2/2.5 км + 500 м зад стрелбището - 2 серии {повторения} по {дължина} сек отсечки през {мин} мин и {мин} мин между сериите - {мин} мин докарване След обяд: 1. {мин} мин бягане крос - Тест ръце тренажор Ercolina - {мин} мин и {сек} сек максимално + Силова издръжливост /силова зала/ {мин} мин/3 упражнения по 3 серии за горна част, 3 упражнения по 3 серии за средна част и 2 упражнения по 3 серии за долна част",90.0,30.0,0.0,0.0,6.0,0.0,50.0,0.0,176.0,"{""Z1"": 90.0, ""Z2"": 30.0, ""Z5"": 6.0, ""OSI"": 50.0}",90,0.65,"ролки,крос,силова,тренажор",висока интензивност/скорост/моделна работа,Септемрви,МИКРОЦИКЪЛ 21,ТИП НА МИКРОЦИКЪЛА: Развиващ,СЪБОТА 13.09
m_124,late,3/3 до старта,Z5,VO₂max / високoинтензивни интервали,"Преди обяд: 1. КТ ролки (ролбан) - 15 мин загрявка - 4 по 300 м 3 зона - 7 х 2/2.5 км зона 3 (лактат 3.5) - 10 мин разпускане След обед: 1. Итервална тренировка - крос - 15 мин загрявка - 10-15 по 1 мин 4 зона, през 45 сек 1 зона - 10 мин разпускане","Преди обяд: 1. КТ ролки (ролбан) - {мин} мин загрявка - {повторения} по {дължина} м 3 зона - 7 х 2/2.5 км зона 3 (лактат 3.5) - {мин} мин разпускане След обед: 1. Итервална тренировка - крос - {мин} мин загрявка - 10-{повторения} по {дължина} мин 4 зона, през {сек} сек 1 зона - {мин} мин разпускане",75.0,0.0,50.0,15.0,6.0,0.0,0.0,0.0,146.0,"{""Z1"": 75.0, ""Z3"": 50.0, ""Z4"": 15.0, ""Z5"": 6.0}",90,0.65,"ролки,крос,лактат",висока интензивност/скорост/моделна работа,Септемрви,МИКРОЦИКЪЛ 22,ТИП НА МИКРОЦИКЪЛА: Развиваш,СЪБОТА 11.10
m_133,late,3/3 до старта,Z5,VO₂max / високoинтензивни интервали,Преди обяд: 1. Ролки ССИ - 15 мин загрявка - 2 серии по 6 х 30-40 сек зона 5 (ръце/крака)/ 1:00 мин зона 1 - 10 мин разпускане Отпътуване,Преди обяд: 1. Ролки ССИ - {мин} мин загрявка - 2 серии по {повторения}×{дължина} сек зона 5 (ръце/крака)/ {време}мин зона {мин} мин разпускане Отпътуване,54.99999999999999,0.0,0.0,0.0,15.0,0.0,0.0,0.0,70.0,"{""Z1"": 55.0, ""Z5"": 15.0}",90,0.65,ролки,висока интензивност/скорост/моделна работа,Септемрви,МИКРОЦИКЪЛ 23,ТИП НА МИКРОЦИКЪЛА: Възстановителен,СЪБОТА 18.10
m_134,late,3/3 до старта,Z5,VO₂max / високoинтензивни интервали,Преди обяд: 1. КТ Ролки ролбан; - 15 мин загрявка; - 4 по 400 м със стрелба 3 зона. - 5-7 по 2400 м 3 зона (лактат до 3.5) След обед: 1. Интервална тренировка на бягане (стадион) - 15 мин загрявка - 10-12 х 400 м 4 зона през 1 мин зона 1 (лактат до 4) - 10 мин разпускане,Преди обяд: 1. КТ Ролки ролбан; - {мин} мин загрявка; - {повторения} по {дължина} м със стрелба 3 зона. - 5-7 по 2400 м 3 зона (лактат до 3.5) След обед: 1. Интервална тренировка на бягане (стадион) - {мин} мин загрявка - 10-{повторения}×{дължина} м 4 зона през {мин} мин зона 1 (лактат до 4) - {мин} мин разпускане,694.9999999999999,139.99999999999997,169.99999999999997,40.0,31.999999999999996,0.0,180.0,20.0,1277.0,"{""Z1"": 695.0, ""Z2"": 140.0, ""Z3"": 170.0, ""Z4"": 40.0, ""Z5"": 32.0, ""OSI"": 180.0, ""SSI"": 20.0}",90,0.65,"ролки,стадион,лактат",висока интензивност/скорост/моделна работа,Септемрви,МИКРОЦИКЪЛ 23,ТИП НА МИКРОЦИКЪЛА: Възстановителен,НЕДЕЛЯ 21.09
m_153,late,3/3 до старта,Z5,VO₂max / високoинтензивни интервали,Преди обяд: 1. Ски - 2:30-3:00 ч 1 зона,Преди обяд: 1. Ски - {време} 1 зона,865.0,175.0,56.0,28.999999999999996,15.0,0.0,60.0,50.0,1250.0,"{""Z1"": 865.0, ""Z2"": 175.0, ""Z3"": 56.0, ""Z4"": 29.0, ""Z5"": 15.0, ""OSI"": 60.0, ""SSI"": 50.0}",90,0.65,ски,висока интензивност/скорост/моделна работа,Октомври,МИКРОЦИКЪЛ 28,ТИП НА МИКРОЦИКЪЛА: Възстановителен/поддържащ,НЕДЕЛЯ 02.11
m_155,late,3/3 до старта,Z5,VO₂max / високoинтензивни интервали,Преди обяд: 1. Ролки ССИ ...,Преди обяд: 1. Ролки ССИ ...,60.0,50.0,56.0,10.0,10.0,0.0,0.0,50.0,236.0,"{""Z1"": 60.0, ""Z2"": 50.0, ""Z3"": 56.0, ""Z4"": 10.0, ""Z5"": 10.0, ""SSI"": 50.0}",90,0.65,ролки,висока интензивност/скорост/моделна работа,Ноември,МИКРОЦИКЪЛ 29,ТИП НА МИКРОЦИКЪЛА: Развиващ,ВТОРНИК 04.11
m_157,late,3/3 до старта,Z5,VO₂max / високoинтензивни интервали,Преди обяд: ...,Преди обяд: ...,80.0,0.0,0.0,4.0,6.0,0.0,0.0,0.0,90.0,"{""Z1"": 80.0, ""Z4"": 4.0, ""Z5"": 6.0}",90,0.65,,висока интензивност/скорост/моделна работа,Ноември,МИКРОЦИКЪЛ 29,ТИП НА МИКРОЦИКЪЛА: Развиващ,ЧЕТВЪРТЪК 06.11
m_160,late,3/3 до старта,Z5,VO₂max / високoинтензивни интервали,"Преди обяд: 1. КТ ски - 20 мин загрявака; - 10 по 1 км 1 зона, като подхода преди стрелбищети (10-15 сек) се прави на спринт. След обяд: 1. 0:40-1:00 ч крос + Максимална сила /силова зала/ 50 мин/3 упражнения по 3 серии за горна част, 3 упражнения по 3 серии за средна част и 2 упражнения по 3 серии за долна част","Преди обяд: 1. КТ ски - {мин} мин загрявака; - {повторения} по {дължина} км 1 зона, като подхода преди стрелбищети ({сек} сек) се прави на спринт. След обяд: 1. {време} крос + Максимална сила /силова зала/ {мин} мин/3 упражнения по 3 серии за горна част, 3 упражнения по 3 серии за средна част и 2 упражнения по 3 серии за долна част",900.0000000000001,140.0,112.0,24.0,31.999999999999996,0.0,180.0,100.0,1488.0,"{""Z1"": 900.0, ""Z2"": 140.0, ""Z3"": 112.0, ""Z4"": 24.0, ""Z5"": 32.0, ""OSI"": 180.0, ""SSI"": 100.0}",90,0.65,"крос,ски,силова,спринт",висока интензивност/скорост/моделна работа,Ноември,МИКРОЦИКЪЛ 29,ТИП НА МИКРОЦИКЪЛА: Развиващ,НЕДЕЛЯ 09.11
m_167,late,3/3 до старта,Z5,VO₂max / високoинтензивни интервали,"Преди обяд: 1. КТ ски - 1:30-1:40 ч 1 зона След обяд: 1. 0:40-1:00 ч крос + Максимална сила /силова зала/ 50 мин/3 упражнения по 3 серии за горна част, 3 упражнения по 3 серии за средна част и 2 упражнения по 3 серии за долна част","Преди обяд: 1. КТ ски - {време} 1 зона След обяд: 1. {време} крос + Максимална сила /силова зала/ {мин} мин/3 упражнения по 3 серии за горна част, 3 упражнения по 3 серии за средна част и 2 упражнения по 3 серии за долна част",850.0,179.99999999999997,100.0,27.0,18.0,0.0,230.0,20.0,1425.0,"{""Z1"": 850.0, ""Z2"": 180.0, ""Z3"": 100.0, ""Z4"": 27.0, ""Z5"": 18.0, ""OSI"": 230.0, ""SSI"": 20.0}",90,0.65,"крос,ски,силова",висока интензивност/скорост/моделна работа,Ноември,МИКРОЦИКЪЛ 29,ТИП НА МИКРОЦИКЪЛА: Развиващ,НЕДЕЛЯ 16.11
m_170,late,3/3 до старта,Z5,VO₂max / високoинтензивни интервали,"Преди обяд: 1. КТ ски - 1:30-1:40 ч 1 зона След обяд: 1. 0:40-1:00 ч крос + Максимална сила /силова зала/ 50 мин/3 упражнения по 3 серии за горна част, 3 упражнения по 3 серии за средна част и 2 упражнения по 3 серии за долна част","Преди обяд: 1. КТ ски - {време} 1 зона След обяд: 1. {време} крос + Максимална сила /силова зала/ {мин} мин/3 упражнения по 3 серии за горна част, 3 упражнения по 3 серии за средна част и 2 упражнения по 3 серии за долна част",730.0,179.99999999999997,100.0,27.0,15.0,0.0,230.0,20.0,1302.0,"{""Z1"": 730.0, ""Z2"": 180.0, ""Z3"": 100.0, ""Z4"": 27.0, ""Z5"": 15.0, ""OSI"": 230.0, ""SSI"": 20.0}",90,0.65,"крос,ски,силова",висока интензивност/скорост/моделна работа,Ноември,МИКРОЦИКЪЛ 30,ТИП НА МИКРОЦИКЪЛА: Развиваш,НЕДЕЛЯ 16.11
m_176,late,3/3 до старта,Z5,VO₂max / високoинтензивни интервали,Преди обяд: 1. КТ ски - 20 мин загрявка - 4 по 300 м вработващи отсечки ЛПЛП - 6 по 1.5 км 4-5 зона през 150 м леко каране. - 10 мин разпускане След обяд: 1. 1:20 ч ски 1 зона,Преди обяд: 1. КТ ски - {мин} мин загрявка - {повторения} по {дължина} м вработващи отсечки ЛПЛП - 6 по 1.5 км 4-5 зона през 150 м леко каране. - {мин} мин разпускане След обяд: 1. {време} ски 1 зона,120.0,0.0,0.0,18.0,6.0,0.0,0.0,0.0,144.0,"{""Z1"": 120.0, ""Z4"": 18.0, ""Z5"": 6.0}",90,0.65,ски,висока интензивност/скорост/моделна работа,Ноември,МИКРОЦИКЪЛ 30,ТИП НА МИКРОЦИКЪЛА: Развиваш,НЕДЕЛЯ 22.02
m_179,late,3/3 до старта,Z5,VO₂max / високoинтензивни интервали,"Преди обяд: 1. Ски - 1:20-1:30 ч 1-2 зона, като по време на карането се включват 10 по 30 сек отсечки с около състезателна скорост.","Преди обяд: 1. Ски - {време} 1-2 зона, като по време на карането се включват {повторения} по {дължина} сек отсечки с около състезателна скорост.",1180.0,160.0,129.99999999999997,68.0,12.0,0.0,220.00000000000003,70.0,1840.0,"{""Z1"": 1180.0, ""Z2"": 160.0, ""Z3"": 130.0, ""Z4"": 68.0, ""Z5"": 12.0, ""OSI"": 220.0, ""SSI"": 70.0}",90,0.65,ски,висока интензивност/скорост/моделна работа,Ноември,МИКРОЦИКЪЛ 30,ТИП НА МИКРОЦИКЪЛА: Развиваш,СЪБОТА 25.02
m_182,late,3/3 до старта,Z5,VO₂max / високoинтензивни интервали,Преди обяд: Старт - Спринт ...,Преди обяд: Старт - Спринт ...,70.0,0.0,0.0,0.0,20.0,0.0,50.0,0.0,140.0,"{""Z1"": 70.0, ""Z5"": 20.0, ""OSI"": 50.0}",90,0.65,спринт,висока интензивност/скорост/моделна работа,Ноември,МИКРОЦИКЪЛ 31,ТИП НА МИКРОЦИКЪЛА: Възстановителен,СРЯДА 19.11
m_183,late,3/3 до старта,Z5,VO₂max / високoинтензивни интервали,Преди обяд: ...,Преди обяд: ...,90.0,30.0,0.0,0.0,25.0,0.0,0.0,0.0,145.0,"{""Z1"": 90.0, ""Z2"": 30.0, ""Z5"": 25.0}",90,0.65,,висока интензивност/скорост/моделна работа,Ноември,МИКРОЦИКЪЛ 31,ТИП НА МИКРОЦИКЪЛА: Възстановителен,ЧЕТВЪРТЪК 20.11
m_185,late,3/3 до старта,Z5,VO₂max / високoинтензивни интервали,Преди обяд: 1. КТ ски - 1:30-1:40 ч 1 зона След обяд: 1. Крос - 0:40-0:50 ч 1зона,Преди обяд: 1. КТ ски - {време} 1 зона След обяд: 1. Крос - {време} 1зона,900.0,150.0,5.0,5.0,49.00000000000001,0.0,100.0,20.0,1229.0,"{""Z1"": 900.0, ""Z2"": 150.0, ""Z3"": 5.0, ""Z4"": 5.0, ""Z5"": 49.0, ""OSI"": 100.0, ""SSI"": 20.0}",90,0.65,"крос,ски",висока интензивност/скорост/моделна работа,Ноември,МИКРОЦИКЪЛ 31,ТИП НА МИКРОЦИКЪЛА: Възстановителен,НЕДЕЛЯ 23.11
m_193,late,3/3 до старта,Z5,VO₂max / високoинтензивни интервали,"Преди обяд: 1. КТ Ски - 15 мин заграявка - 7-8 х 2 км зона 3 (лактат 3-3.5) 1:30 мин леко каране, като последната първите 4 отсечки с пушка и последната 4 зона. - 10 мин разпускане След обяд: 1. Ски - ССИ - 15 мин загрявка - 2 серии 4 по 30-40 сек ръце, през 1:30 мин между отсечките и 4 мин между сериите - 2 серии 4 по 30-40 сек ръце, през 1:30 мин между отсечките и 4 мин между сериите - 10 мин разпускане","Преди обяд: 1. КТ Ски - {мин} мин заграявка - 7-{повторения}×{дължина} км зона 3 (лактат 3-3.5) {време}мин леко каране, като последната първите 4 отсечки с пушка и последната 4 зона. - {мин} мин разпускане След обяд: 1. Ски - ССИ - {мин} мин загрявка - 2 серии {повторения} по {дължина} сек ръце, през {време}мин между отсечките и {мин} мин между сериите - 2 серии {повторения} по {дължина} сек ръце, през {време}мин между отсечките и {мин} мин между сериите - {мин} мин разпускане",960.0,120.0,95.0,37.0,49.00000000000001,0.0,100.0,20.0,1381.0,"{""Z1"": 960.0, ""Z2"": 120.0, ""Z3"": 95.0, ""Z4"": 37.0, ""Z5"": 49.0, ""OSI"": 100.0, ""SSI"": 20.0}",90,0.65,"ски,лактат",висока интензивност/скорост/моделна работа,Ноември,МИКРОЦИКЪЛ 32,ТИП НА МИКРОЦИКЪЛА: Развиващ,ПОНЕДЕЛНИК 24.11
m_197,late,3/3 до старта,Z5,VO₂max / високoинтензивни интервали,IBU Cup SPRINT 7.5/10 km ...,IBU Cup SPRINT 7.5/10 km ...,60.0,0.0,0.0,4.0,20.0,0.0,0.0,0.0,84.0,"{""Z1"": 60.0, ""Z4"": 4.0, ""Z5"": 20.0}",90,0.65,,висока интензивност/скорост/моделна работа,Декември,МИКРОЦИКЪЛ 33,ТИП НА МИКРОЦИКЪЛА: Състезателен,ЧЕТВЪРТЪК 04.12
m_199,late,3/3 до старта,Z5,VO₂max / високoинтензивни интервали,IBU Cup SPRINT 7.5/10 km След обяд: Крос - 30 мин 1 зона,IBU Cup SPRINT 7.5/10 km След обяд: Крос - {мин} мин 1 зона,60.0,0.0,0.0,4.0,20.0,0.0,0.0,0.0,84.0,"{""Z1"": 60.0, ""Z4"": 4.0, ""Z5"": 20.0}",90,0.65,крос,висока интензивност/скорост/моделна работа,Декември,МИКРОЦИКЪЛ 33,ТИП НА МИКРОЦИКЪЛА: Състезателен,СЪБОТА 06.12
m_200,late,3/3 до старта,Z5,VO₂max / високoинтензивни интервали,IBU Cup PURSUIT 10/12.5 km След обяд: Крос - 30 мин 1 зона,IBU Cup PURSUIT 10/12.5 km След обяд: Крос - {мин} мин 1 зона,450.0,30.0,34.99999999999999,30.0,90.0,0.0,60.0,0.0,695.0,"{""Z1"": 450.0, ""Z2"": 30.0, ""Z3"": 35.0, ""Z4"": 30.0, ""Z5"": 90.0, ""OSI"": 60.0}",90,0.65,крос,висока интензивност/скорост/моделна работа,Декември,МИКРОЦИКЪЛ 33,ТИП НА МИКРОЦИКЪЛА: Състезателен,НЕДЕЛЯ 07.12
m_007,late,3/3 до старта,Z5,Почивка / възстановителен ден,Почивка,Почивка,419.99999999999994,80.0,51.0,12.999999999999998,10.0,0.0,60.0,10.0,644.0,"{""Z1"": 420.0, ""Z2"": 80.0, ""Z3"": 51.0, ""Z4"": 13.0, ""Z5"": 10.0, ""OSI"": 60.0, ""SSI"": 10.0}",90,0.65,,висока интензивност/скорост/моделна работа,АПРИЛ,МИКРОЦИКЪЛ 1,ТИП НА МИКРОЦИКЪЛА:,НЕДЕЛЯ
m_014,late,3/3 до старта,Z5,Почивка / възстановителен ден,Почивка,Почивка,254.99999999999997,259.99999999999994,47.0,0.0,7.0,0.0,60.0,15.0,644.0,"{""Z1"": 255.0, ""Z2"": 260.0, ""Z3"": 47.0, ""Z5"": 7.0, ""OSI"": 60.0, ""SSI"": 15.0}",90,0.65,,висока интензивност/скорост/моделна работа,АПРИЛ,МИКРОЦИКЪЛ 3,ТИП НА МИКРОЦИКЪЛА:,НЕДЕЛЯ
m_105,late,3/3 до старта,Z5,Почивка / възстановителен ден,Преди обяд: Почивка След обяд: 1. Ролки - КТ ролбан 1-2 зона 5 по 1.3/2 км + 300 м зад стрелбището - 2 серии 5 по 15 сек отсечки през 2 мин и 5 мин между сериите - 20-30 мин докарване,Преди обяд: Почивка След обяд: 1. Ролки - КТ ролбан 1-2 зона 5 по 1.3/2 км + 300 м зад стрелбището - 2 серии {повторения} по {дължина} сек отсечки през {мин} мин и {мин} мин между сериите - {мин} мин докарване,911.5729166666666,650.0,351.0,135.0,107.0,0.0,440.0,120.0,2714.6,"{""Z1"": 911.6, ""Z2"": 650.0, ""Z3"": 351.0, ""Z4"": 135.0, ""Z5"": 107.0, ""OSI"": 440.0, ""SSI"": 120.0}",90,0.65,ролки,висока интензивност/скорост/моделна работа,Август,МИКРОЦИКЪЛ 20,ТИП НА МИКРОЦИКЪЛА: Развиващ,НЕДЕЛЯ 07.09
m_108,late,3/3 до старта,Z5,Почивка / възстановителен ден,ПОЧИВКА,ПОЧИВКА,80.0,0.0,0.0,4.0,6.0,0.0,0.0,0.0,90.0,"{""Z1"": 80.0, ""Z4"": 4.0, ""Z5"": 6.0}",90,0.65,,висока интензивност/скорост/моделна работа,Септемрви,МИКРОЦИКЪЛ 21,ТИП НА МИКРОЦИКЪЛА: Развиващ,ЧЕТВЪРТЪК 11.09
m_111,late,3/3 до старта,Z5,Почивка / възстановителен ден,"Преди обяд: 1. КТ ролки (път) - 15 мин леко каране - КОНТРОЛНО 1 км смесено - 6-7 х 2/2.5 км зона 3 (лактат до 3.5) След обед: 1. Ролки ССИ - 15 мин загрявка - жени: 2 серии по 6-7 х 30-40 сек зона 5 (ръце/крака)/ 1:30 мин почивка - мъже: ролбан 2 серии 2 по 2 км (ръце/крака), 3 мин почивка. - 10 мин разпускане","Преди обяд: 1. КТ ролки (път) - {мин} мин леко каране - КОНТРОЛНО 1 км смесено - 6-7 х 2/2.5 км зона 3 (лактат до 3.5) След обед: 1. Ролки ССИ - {мин} мин загрявка - жени: 2 серии по 6-{повторения}×{дължина} сек зона 5 (ръце/крака)/ {време}мин почивка - мъже: ролбан 2 серии {повторения} по {дължина} км (ръце/крака), {мин} мин почивка. - {мин} мин разпускане",700.0,120.0,156.0,64.0,20.0,0.0,230.0,0.0,1290.0,"{""Z1"": 700.0, ""Z2"": 120.0, ""Z3"": 156.0, ""Z4"": 64.0, ""Z5"": 20.0, ""OSI"": 230.0}",90,0.65,"ролки,лактат",висока интензивност/скорост/моделна работа,Септемрви,МИКРОЦИКЪЛ 21,ТИП НА МИКРОЦИКЪЛА: Развиващ,НЕДЕЛЯ 14.09
m_125,late,3/3 до старта,Z5,Почивка / възстановителен ден,ПОЧИВКА,ПОЧИВКА,1045.0,260.0,262.0,105.0,27.0,0.0,300.0,100.0,2099.0,"{""Z1"": 1045.0, ""Z2"": 260.0, ""Z3"": 262.0, ""Z4"": 105.0, ""Z5"": 27.0, ""OSI"": 300.0, ""SSI"": 100.0}",90,0.65,,висока интензивност/скорост/моделна работа,Септемрви,МИКРОЦИКЪЛ 22,ТИП НА МИКРОЦИКЪЛА: Развиваш,НЕДЕЛЯ 12.10
m_131,late,3/3 до старта,Z5,Почивка / възстановителен ден,"Преди обяд: 1. Контролен тест в изкачване: - 15 мин загрявка; - 2 по 7 мин през 3 мин почивка (мъже) и 2 по 5 мин през 3 мин (жени); - щафетни игри, стрелба - 30 мин. След обяд: 1. 10 мин крос 1-2 зона + Силова издръжливост /силова зала/ 3 упражнения по 4 серии за горна част, 3 упражнения по 4 серии за средна част и 2 упражнения по 4 серии за долна част","Преди обяд: 1. Контролен тест в изкачване: - {мин} мин загрявка; - {повторения} по {дължина} мин през {мин} мин почивка (мъже) и {повторения} по {дължина} мин през {мин} мин (жени); - щафетни игри, стрелба - {мин} мин. След обяд: 1. {мин} мин крос 1-2 зона + Силова издръжливост /силова зала/ 3 упражнения по 4 серии за горна част, 3 упражнения по 4 серии за средна част и 2 упражнения по 4 серии за долна част",50.0,0.0,0.0,0.0,14.0,0.0,60.0,0.0,124.0,"{""Z1"": 50.0, ""Z5"": 14.0, ""OSI"": 60.0}",90,0.65,"крос,изкачване,силова",висока интензивност/скорост/моделна работа,Септемрви,МИКРОЦИКЪЛ 23,ТИП НА МИКРОЦИКЪЛА: Възстановителен,ЧЕТВЪРТЪК 16.10
m_137,late,3/3 до старта,Z5,Почивка / възстановителен ден,ПОЧИВКА,ПОЧИВКА,705.0,120.0,206.0,85.0,27.0,0.0,240.0,50.0,1433.0,"{""Z1"": 705.0, ""Z2"": 120.0, ""Z3"": 206.0, ""Z4"": 85.0, ""Z5"": 27.0, ""OSI"": 240.0, ""SSI"": 50.0}",90,0.65,,висока интензивност/скорост/моделна работа,Октомври,МИКРОЦИКЪЛ 25,ТИП НА МИКРОЦИКЪЛА: Развиващ,НЕДЕЛЯ 12.10
m_138,late,3/3 до старта,Z5,Почивка / възстановителен ден,ПОЧИВКА,ПОЧИВКА,555.0,139.99999999999997,60.0,0.0,31.999999999999996,0.0,180.0,20.0,987.0,"{""Z1"": 555.0, ""Z2"": 140.0, ""Z3"": 60.0, ""Z5"": 32.0, ""OSI"": 180.0, ""SSI"": 20.0}",90,0.65,,висока интензивност/скорост/моделна работа,Октомври,МИКРОЦИКЪЛ 26,ТИП НА МИКРОЦИКЪЛА: Развиваш,НЕДЕЛЯ 19.10
m_152,late,3/3 до старта,Z5,Почивка / възстановителен ден,Преди обяд: 1. Крос 40-50 мин + 10 по 60 м ускорения След обед: 1. КТ ролки - 15 мин загрявка; - 6-8 по 1500 м 4-5 зона (лактат 6-8) през 3 мин почивка между отсечките; - 10 мин разпускане,Преди обяд: 1. Крос {мин} мин + {повторения} по {дължина} м ускорения След обед: 1. КТ ролки - {мин} мин загрявка; - 6-8 по 1500 м 4-5 зона (лактат 6-8) през {мин} мин почивка между отсечките; - {мин} мин разпускане,99.99999999999999,0.0,0.0,15.0,15.0,0.0,0.0,0.0,130.0,"{""Z1"": 100.0, ""Z4"": 15.0, ""Z5"": 15.0}",90,0.65,"ролки,крос,лактат",висока интензивност/скорост/моделна работа,Октомври,МИКРОЦИКЪЛ 28,ТИП НА МИКРОЦИКЪЛА: Възстановителен/поддържащ,СЪБОТА 01.11
m_158,late,3/3 до старта,Z5,Почивка / възстановителен ден,Преди обяд: 1. Ски - 1:40-2:00 ч След обед: 1. КТ ролки - 15 мин загрявка; - 6-8 по 1500 м 4-5 зона (лактат 6-8) през 3 мин почивка между отсечките; - 10 мин разпускане,Преди обяд: 1. Ски - {време} След обед: 1. КТ ролки - {мин} мин загрявка; - 6-8 по 1500 м 4-5 зона (лактат 6-8) през {мин} мин почивка между отсечките; - {мин} мин разпускане,120.0,30.0,56.0,10.0,10.0,0.0,0.0,50.0,276.0,"{""Z1"": 120.0, ""Z2"": 30.0, ""Z3"": 56.0, ""Z4"": 10.0, ""Z5"": 10.0, ""SSI"": 50.0}",90,0.65,"ролки,ски,лактат",висока интензивност/скорост/моделна работа,Ноември,МИКРОЦИКЪЛ 29,ТИП НА МИКРОЦИКЪЛА: Развиващ,ПЕТЪК 07.11
m_166,late,3/3 до старта,Z5,Почивка / възстановителен ден,Преди обяд: 1. КТ Ски - 15 мин заграявка - 3-5 серии (2 км + 400 м) състезателно темпо (лактат 6-8 ммол/л) през 3:30 мин почивка между сериите - 10 мин разпускане След обед: Крост - 0:40-1 ч 1 зона,Преди обяд: 1. КТ Ски - {мин} мин заграявка - 3-5 серии (2 км + 400 м) състезателно темпо (лактат 6-8 ммол/л) през {време}мин почивка между сериите - {мин} мин разпускане След обед: Крост - {време}-{часове} ч 1 зона,80.0,20.0,0.0,15.0,15.0,0.0,0.0,0.0,130.0,"{""Z1"": 80.0, ""Z2"": 20.0, ""Z4"": 15.0, ""Z5"": 15.0}",90,0.65,"крос,ски,лактат",висока интензивност/скорост/моделна работа,Ноември,МИКРОЦИКЪЛ 29,ТИП НА МИКРОЦИКЪЛА: Развиващ,ПЕТЪК 14.11
m_080,any,всички фази,Z1,Почивка / възстановителен ден,ПОЧИВКА,ПОЧИВКА,0.0,0.0,0.0,0.0,0.0,0.0,0.0,0.0,0.0,{},60,0.5,,почивка/възстановяване,Август,МИКРОЦИКЪЛ 18,ТИП НА МИКРОЦИКЪЛА: Състезателен,СРЯДА 20.08
m_145,any,всички фази,Z1,Почивка / възстановителен ден,ПОЧИВКА След обяд: Церемония по случай закриването на сезона (15:00 ч),ПОЧИВКА След обяд: Церемония по случай закриването на сезона ({време}),0.0,0.0,0.0,0.0,0.0,0.0,0.0,0.0,0.0,{},60,0.5,,почивка/възстановяване,Октомври,МИКРОЦИКЪЛ 27,ТИП НА МИКРОЦИКЪЛА: Възстановителен/поддържащ,ЧЕТВЪРТЪК 23.10
